season,team1,team2,date,winner,Venue
2023,England,New Zealand,2023/10/05,New Zealand,"Narendra Modi Stadium, Ahmedabad"
2023,Pakistan,Netherlands,2023/10/06,Pakistan,"Rajiv Gandhi International Stadium, Hyderabad"
2023,Afghanistan,Bangladesh,2023/10/07,Bangladesh,"Himachal Pradesh Cricket Association Stadium, Dharamsala"
2023,South Africa,Sri Lanka,2023/10/07,South Africa,"Arun Jaitley Stadium, Delhi"
2023,Australia,India,2023/10/08,India,"MA Chidambaram Stadium, Chennai"
2023,New Zealand,Netherlands,2023/10/09,New Zealand,"Rajiv Gandhi International Stadium, Hyderabad"
2023,England,Bangladesh,2023/10/10,England,"Himachal Pradesh Cricket Association Stadium, Dharamsala"
2023,Sri Lanka,Pakistan,2023/10/10,Pakistan,"Rajiv Gandhi International Stadium, Hyderabad"
2023,Afghanistan,India,2023/10/11,India,"Arun Jaitley Stadium, Delhi"
2023,South Africa,Australia,2023/10/12,South Africa,"Bharat Ratna Shri Atal Bihari Vajpayee Ekana Cricket Stadium, Lucknow"
2023,Bangladesh,New Zealand,2023/10/13,New Zealand,"MA Chidambaram Stadium, Chennai"
2023,Pakistan,India,2023/10/14,India,"Narendra Modi Stadium, Ahmedabad"
2023,Afghanistan,England,2023/10/15,Afghanistan,"Arun Jaitley Stadium, Delhi"
2023,Sri Lanka,Australia,2023/10/16,Australia,"Bharat Ratna Shri Atal Bihari Vajpayee Ekana Cricket Stadium, Lucknow"
2023,Netherlands,South Africa,2023/10/17,Netherlands,"Himachal Pradesh Cricket Association Stadium, Dharamsala"
2023,New Zealand,Afghanistan,2023/10/18,New Zealand,"MA Chidambaram Stadium, Chennai"
2023,Bangladesh,India,2023/10/19,India,"Maharashtra Cricket Association Stadium, Pune"
2023,Australia,Pakistan,2023/10/20,Australia,"M Chinnaswamy Stadium, Bengaluru"
2023,Netherlands,Sri Lanka,2023/10/21,Sri Lanka,"Bharat Ratna Shri Atal Bihari Vajpayee Ekana Cricket Stadium, Lucknow"
2023,South Africa,England,2023/10/21,South Africa,"Wankhede Stadium, Mumbai"
2023,New Zealand,India,2023/10/22,India,"Himachal Pradesh Cricket Association Stadium, Dharamsala"
2023,Pakistan,Afghanistan,2023/10/23,Afghanistan,"MA Chidambaram Stadium, Chennai"
2023,South Africa,Bangladesh,2023/10/24,South Africa,"Wankhede Stadium, Mumbai"
2023,Australia,Netherlands,2023/10/25,Australia,"Arun Jaitley Stadium, Delhi"
2023,England,Sri Lanka,2023/10/26,Sri Lanka,"M Chinnaswamy Stadium, Bengaluru"
2023,Pakistan,South Africa,2023/10/27,South Africa,"MA Chidambaram Stadium, Chennai"
2023,Australia,New Zealand,2023/10/28,Australia,"Himachal Pradesh Cricket Association Stadium, Dharamsala"
2023,Netherlands,Bangladesh,2023/10/28,Netherlands,"Eden Gardens, Kolkata"
2023,India,England,2023/10/29,India,"Bharat Ratna Shri Atal Bihari Vajpayee Ekana Cricket Stadium, Lucknow"
2023,Sri Lanka,Afghanistan,2023/10/30,Afghanistan,"Maharashtra Cricket Association Stadium, Pune"
2023,Bangladesh,Pakistan,2023/10/31,Pakistan,"Eden Gardens, Kolkata"
2023,South Africa,New Zealand,2023/11/01,South Africa,"Maharashtra Cricket Association Stadium, Pune"
2019,England,South Africa,2019/05/30,England,"Kennington Oval, London"
2019,New Zealand,Sri Lanka,2019/06/01,New Zealand,"Sophia Gardens, Cardiff"
2019,Afghanistan,Australia,2019/06/01,Australia,"County Ground, Bristol"
2019,South Africa,Bangladesh,2019/06/02,Bangladesh,"Kennington Oval, London"
2019,England,Pakistan,2019/06/03,Pakistan,"Trent Bridge, Nottingham"
2019,Afghanistan,Sri Lanka,2019/06/04,Sri Lanka,"Sophia Gardens, Cardiff"
2019,South Africa,India,2019/06/05,India,"The Rose Bowl, Southampton"
2019,Bangladesh,New Zealand,2019/06/05,New Zealand,"Kennington Oval, London"
2019,Pakistan,Sri Lanka,2019/06/07,Match abandoned without a ball bowled (no toss),"County Ground, Bristol"
2019,England,Bangladesh,2019/06/08,England,"Sophia Gardens, Cardiff"
2019,Afghanistan,New Zealand,2019/06/08,New Zealand,"The Cooper Associates County Ground, Taunton"
2019,India,Australia,2019/06/09,India,"Kennington Oval, London"
2019,Bangladesh,Sri Lanka,2019/06/11,Match abandoned without toss due to rain,"County Ground, Bristol"
2019,Australia,Pakistan,2019/06/12,Australia,"The Cooper Associates County Ground, Taunton"
2019,India,New Zealand,2019/06/13,Match abandoned without toss (due to rain),"Trent Bridge, Nottingham"
2019,Sri Lanka,Australia,2019/06/15,Australia,"Kennington Oval, London"
2019,South Africa,Afghanistan,2019/06/15,South Africa,"Sophia Gardens, Cardiff"
2019,India,Pakistan,2019/06/16,India,"Emirates Old Trafford, Manchester"
2019,England,Afghanistan,2019/06/18,England,"Emirates Old Trafford, Manchester"
2019,New Zealand,South Africa,2019/06/19,New Zealand,"Edgbaston, Birmingham"
2019,Australia,Bangladesh,2019/06/20,Australia,"Trent Bridge, Nottingham"
2019,England,Sri Lanka,2019/06/21,Sri Lanka,"Headingley, Leeds"
2019,India,Afghanistan,2019/06/22,India,"The Rose Bowl, Southampton"
2019,Pakistan,South Africa,2019/06/23,Pakistan,"Lord's, London"
2019,Bangladesh,Afghanistan,2019/06/24,Bangladesh,"The Rose Bowl, Southampton"
2019,England,Australia,2019/06/25,Australia,"Lord's, London"
2019,New Zealand,Pakistan,2019/06/26,Pakistan,"Edgbaston, Birmingham"
2019,Sri Lanka,South Africa,2019/06/28,South Africa,"Riverside Ground, Chester-le-Street"
2019,Pakistan,Afghanistan,2019/06/29,Pakistan,"Headingley, Leeds"
2019,New Zealand,Australia,2019/06/29,Australia,"Lord's, London"
2019,England,India,2019/06/30,England,"Edgbaston, Birmingham"
2019,Bangladesh,India,2019/07/02,India,"Edgbaston, Birmingham"
2019,England,New Zealand,2019/07/03,England,"Riverside Ground, Chester-le-Street"
2019,Pakistan,Bangladesh,2019/07/05,Pakistan,"Lord's, London"
2019,Sri Lanka,India,2019/07/06,India,"Headingley, Leeds"
2019,Australia,South Africa,2019/07/06,South Africa,"Emirates Old Trafford, Manchester"
2019,India,New Zealand,2019/07/09,New Zealand,"Emirates Old Trafford, Manchester"
2019,Australia,England,2019/07/11,England,"Edgbaston, Birmingham"
2019,New Zealand,England,2019/07/14,Match tied (England,"Lord's, London"
2015,New Zealand,Sri Lanka,2015/02/14,New Zealand,"Hagley Oval, Christchurch"
2015,Australia,England,2015/02/14,Australia,"Melbourne Cricket Ground, Melbourne"
2015,India,Pakistan,2015/02/15,India,"Adelaide Oval, Adelaide"
2015,Bangladesh,Afghanistan,2015/02/18,Bangladesh,"Manuka Oval, Canberra"
2015,New Zealand,England,2015/02/20,New Zealand,"Sky Stadium, Wellington"
2015,Australia,Bangladesh,2015/02/21,Match abandoned without a ball being bowled,"The Gabba, Brisbane"
2015,Afghanistan,Sri Lanka,2015/02/22,Sri Lanka,"University Oval, Dunedin"
2015,India,South Africa,2015/02/22,India,"Melbourne Cricket Ground, Melbourne"
2015,Bangladesh,Sri Lanka,2015/02/26,Sri Lanka,"Melbourne Cricket Ground, Melbourne"
2015,New Zealand,Australia,2015/02/28,New Zealand,"Eden Park, Auckland"
2015,England,Sri Lanka,2015/03/01,Sri Lanka,"Sky Stadium, Wellington"
2015,Australia,Afghanistan,2015/03/04,Australia,"W.A.C.A. Ground, Perth"
2015,Pakistan,South Africa,2015/03/07,Pakistan,"Eden Park, Auckland"
2015,New Zealand,Afghanistan,2015/03/08,New Zealand,"McLean Park, Napier"
2015,Australia,Sri Lanka,2015/03/08,Australia,"Sydney Cricket Ground, Sydney"
2015,England,Bangladesh,2015/03/09,Bangladesh,"Adelaide Oval, Adelaide"
2015,New Zealand,Bangladesh,2015/03/13,New Zealand,"Seddon Park, Hamilton"
2015,Afghanistan,England,2015/03/13,Eng,"Sydney Cricket Ground, Sydney"
2015,Sri Lanka,South Africa,2015/03/18,South Africa,"Sydney Cricket Ground, Sydney"
2015,Bangladesh,India,2015/03/19,India,"Melbourne Cricket Ground, Melbourne"
2015,Australia,Pakistan,2015/03/20,Australia,"Adelaide Oval, Adelaide"
2015,New Zealand,South Africa,2015/03/24,NZ,"Eden Park, Auckland"
2015,Australia,India,2015/03/26,Australia,"Sydney Cricket Ground, Sydney"
2015,New Zealand,Australia,2015/03/29,Australia,"Melbourne Cricket Ground, Melbourne"
2011,Bangladesh,India,2011/02/19,India,"Shere Bangla National Stadium, Dhaka"
2011,England,Netherlands,2011/02/22,England,"Vidarbha Cricket Association Stadium, Nagpur"
2011,Australia,New Zealand,2011/02/25,Australia,"Vidarbha Cricket Association Stadium, Nagpur"
2011,Sri Lanka,Pakistan,2011/02/26,Pakistan,"R.Premadasa Stadium, Colombo"
2011,India,England,2011/02/27,Match tied,"M.Chinnaswamy Stadium, Bengaluru"
2011,South Africa,Netherlands,2011/03/03,South Africa,"Punjab Cricket Association IS Bindra Stadium, Mohali"
2011,Sri Lanka,Australia,2011/03/05,Match abandoned due to rain,"R.Premadasa Stadium, Colombo"
2011,England,South Africa,2011/03/06,England,"MA Chidambaram Stadium, Chennai"
2011,Pakistan,New Zealand,2011/03/08,New Zealand,"Pallekele International Cricket Stadium, Pallekele"
2011,India,Netherlands,2011/03/09,India,"Arun Jaitley Stadium, Delhi"
2011,Bangladesh,England,2011/03/11,Bangladesh,"Zahur Ahmed Chowdhury Stadium, Chattogram"
2011,India,South Africa,2011/03/12,South Africa,"Vidarbha Cricket Association Stadium, Nagpur"
2011,Bangladesh,Netherlands,2011/03/14,Bangladesh,"Zahur Ahmed Chowdhury Stadium, Chattogram"
2011,Sri Lanka,New Zealand,2011/03/18,Sri Lanka,"Wankhede Stadium, Mumbai"
2011,Bangladesh,South Africa,2011/03/19,South Africa,"Shere Bangla National Stadium, Dhaka"
2011,Australia,Pakistan,2011/03/19,Pakistan,"R.Premadasa Stadium, Colombo"
2011,India,Australia,2011/03/24,India,"Narendra Modi Stadium A Ground, Ahmedabad"
2011,New Zealand,South Africa,2011/03/25,New Zealand,"Shere Bangla National Stadium, Dhaka"
2011,Sri Lanka,England,2011/03/26,Sri Lanka,"R.Premadasa Stadium, Colombo"
2011,Sri Lanka,New Zealand,2011/03/29,Sri Lanka,"R.Premadasa Stadium, Colombo"
2011,India,Pakistan,2011/03/30,India,"Punjab Cricket Association IS Bindra Stadium, Mohali"
2011,India,Sri Lanka,2011/04/02,India,"Wankhede Stadium, Mumbai"
2007,England,New Zealand,2007/03/16,New Zealand,"Daren Sammy National Cricket Stadium, Gros Islet, St Lucia"
2007,Netherlands,South Africa,2007/03/16,South Africa,"Warner Park, Basseterre, St Kitts"
2007,Bangladesh,India,2007/03/17,Bangladesh,"Queen's Park Oval, Port of Spain, Trinidad"
2007,Australia,Netherlands,2007/03/18,Australia,"Warner Park, Basseterre, St Kitts"
2007,Bangladesh,Sri Lanka,2007/03/21,Sri Lanka,"Queen's Park Oval, Port of Spain, Trinidad"
2007,India,Sri Lanka,2007/03/23,Sri Lanka,"Queen's Park Oval, Port of Spain, Trinidad"
2007,Australia,South Africa,2007/03/24,Australia,"Warner Park, Basseterre, St Kitts"
2007,South Africa,Sri Lanka,2007/03/28,South Africa,"Providence Stadium, Guyana"
2007,Australia,Bangladesh,2007/03/31,Australia,"Sir Vivian Richards Stadium, North Sound, Antigua"
2007,Bangladesh,New Zealand,2007/04/02,New Zealand,"Sir Vivian Richards Stadium, North Sound, Antigua"
2007,England,Sri Lanka,2007/04/04,Sri Lanka,"Sir Vivian Richards Stadium, North Sound, Antigua"
2007,Bangladesh,South Africa,2007/04/07,Bangladesh,"Providence Stadium, Guyana"
2007,Australia,England,2007/04/08,Australia,"Sir Vivian Richards Stadium, North Sound, Antigua"
2007,Bangladesh,England,2007/04/11,England,"Kensington Oval, Bridgetown, Barbados"
2007,New Zealand,Sri Lanka,2007/04/12,Sri Lanka,"National Cricket Stadium, St George's, Grenada"
2007,New Zealand,South Africa,2007/04/14,New Zealand,"National Cricket Stadium, St George's, Grenada"
2007,Australia,Sri Lanka,2007/04/16,Australia,"National Cricket Stadium, St George's, Grenada"
2007,England,South Africa,2007/04/17,South Africa,"Kensington Oval, Bridgetown, Barbados"
2007,Australia,New Zealand,2007/04/20,Australia,"National Cricket Stadium, St George's, Grenada"
2007,New Zealand,Sri Lanka,2007/04/24,Sri Lanka,"Sabina Park, Kingston, Jamaica"
2007,Australia,South Africa,2007/04/25,Australia,"Daren Sammy National Cricket Stadium, Gros Islet, St Lucia"
2007,Australia,Sri Lanka,2007/04/28,Australia,"Kensington Oval, Bridgetown, Barbados"
2003,New Zealand,Sri Lanka,2003/02/10,Sri Lanka,"Mangaung Oval, Bloemfontein"
2003,Australia,Pakistan,2003/02/11,Australia,"The Wanderers Stadium, Johannesburg"
2003,India,Netherlands,2003/02/12,India,"Boland Park, Paarl"
2003,Bangladesh,Sri Lanka,2003/02/14,Sri Lanka,"City Oval, Pietermaritzburg"
2003,Australia,India,2003/02/15,Australia,"SuperSport Park, Centurion"
2003,England,Netherlands,2003/02/16,England,"Buffalo Park, East London"
2003,South Africa,New Zealand,2003/02/16,New Zealand,"The Wanderers Stadium, Johannesburg"
2003,Australia,Netherlands,2003/02/20,Australia,"Senwes Park, Potchefstroom"
2003,England,Pakistan,2003/02/22,England,"Newlands, Cape Town"
2003,South Africa,Bangladesh,2003/02/22,South Africa,"Mangaung Oval, Bloemfontein"
2003,Netherlands,Pakistan,2003/02/25,Pakistan,"Boland Park, Paarl"
2003,England,India,2003/02/26,India,"Kingsmead, Durban"
2003,Bangladesh,New Zealand,2003/02/26,New Zealand,"Diamond Oval, Kimberley"
2003,India,Pakistan,2003/03/01,India,"SuperSport Park, Centurion"
2003,Australia,England,2003/03/02,Australia,"St George's Park, Gqeberha"
2003,South Africa,Sri Lanka,2003/03/03,Match tied (D/L method),"Kingsmead, Durban"
2003,Australia,Sri Lanka,2003/03/07,Australia,"SuperSport Park, Centurion"
2003,India,Sri Lanka,2003/03/10,India,"The Wanderers Stadium, Johannesburg"
2003,Australia,New Zealand,2003/03/11,Australia,"St George's Park, Gqeberha"
2003,India,New Zealand,2003/03/14,India,"SuperSport Park, Centurion"
2003,Australia,Sri Lanka,2003/03/18,Australia,"St George's Park, Gqeberha"
2003,Australia,India,2003/03/23,Australia,"The Wanderers Stadium, Johannesburg"
1999,England,Sri Lanka,1999/05/14,England,"Lord's, London"
1999,India,South Africa,1999/05/15,South Africa,"County Ground, Brighton"
1999,Bangladesh,New Zealand,1999/05/17,New Zealand,"County Ground, Chelmsford"
1999,South Africa,Sri Lanka,1999/05/19,South Africa,"County Ground, Northampton"
1999,Australia,New Zealand,1999/05/20,New Zealand,"Sophia Gardens, Cardiff"
1999,England,South Africa,1999/05/22,South Africa,"Kennington Oval, London"
1999,Australia,Pakistan,1999/05/23,Pakistan,"Headingley, Leeds"
1999,India,Sri Lanka,1999/05/26,India,"The Cooper Associates County Ground, Taunton"
1999,Australia,Bangladesh,1999/05/27,Australia,"Riverside Ground, Chester-le-Street"
1999,New Zealand,Pakistan,1999/05/28,Pakistan,"County Ground, Derby"
1999,England,India,1999/05/29,India,"Edgbaston, Birmingham"
1999,Bangladesh,Pakistan,1999/05/31,Bangladesh,"County Ground, Northampton"
1999,Australia,India,1999/06/04,Australia,"Kennington Oval, London"
1999,Pakistan,South Africa,1999/06/05,South Africa,"Trent Bridge, Nottingham"
1999,India,Pakistan,1999/06/08,India,"Emirates Old Trafford, Manchester"
1999,New Zealand,South Africa,1999/06/10,South Africa,"Edgbaston, Birmingham"
1999,India,New Zealand,1999/06/12,New Zealand,"Trent Bridge, Nottingham"
1999,Australia,South Africa,1999/06/13,Australia,"Headingley, Leeds"
1999,New Zealand,Pakistan,1999/06/16,Pakistan,"Emirates Old Trafford, Manchester"
1999,Australia,South Africa,1999/06/17,Match tied,"Edgbaston, Birmingham"
1999,Australia,Pakistan,1999/06/20,Australia,"Lord's, London"
2019,New Zealand,Sri Lanka,2019/01/03,New Zealand,"Bay Oval, Mount Maunganui"
2019,New Zealand,Sri Lanka,2019/01/04,New Zealand,"Bay Oval, Mount Maunganui"
2019,New Zealand,Sri Lanka,2019/01/05,New Zealand,"Saxton Oval, Nelson"
2019,Australia,India,2019/01/06,Australia,"Sydney Cricket Ground, Sydney"
2019,Australia,India,2019/01/07,India,"Adelaide Oval, Adelaide"
2019,Australia,India,2019/01/08,India,"Melbourne Cricket Ground, Melbourne"
2019,South Africa,Pakistan,2019/01/09,Pakistan,"St George's Park, Gqeberha"
2019,South Africa,Pakistan,2019/01/10,South Africa,"Kingsmead, Durban"
2019,New Zealand,India,2019/01/11,India,"McLean Park, Napier"
2019,South Africa,Pakistan,2019/01/13,South Africa,"SuperSport Park, Centurion"
2019,New Zealand,India,2019/01/14,India,"Bay Oval, Mount Maunganui"
2019,South Africa,Pakistan,2019/01/16,Pakistan,"The Wanderers Stadium, Johannesburg"
2019,New Zealand,India,2019/01/17,India,"Bay Oval, Mount Maunganui"
2019,South Africa,Pakistan,2019/01/19,South Africa,"Newlands, Cape Town"
2019,New Zealand,India,2019/01/20,New Zealand,"Seddon Park, Hamilton"
2019,New Zealand,India,2019/01/21,India,"Sky Stadium, Wellington"
2019,New Zealand,Bangladesh,2019/02/13,New Zealand,"McLean Park, Napier"
2019,New Zealand,Bangladesh,2019/02/16,New Zealand,"Hagley Oval, Christchurch"
2019,New Zealand,Bangladesh,2019/02/20,New Zealand,"University Oval, Dunedin"
2019,India,Australia,2019/03/02,India,"Rajiv Gandhi International Cricket Stadium, Hyderabad"
2019,South Africa,Sri Lanka,2019/03/03,South Africa,"The Wanderers Stadium, Johannesburg"
2019,India,Australia,2019/03/05,India,"Vidarbha Cricket Association Stadium, Nagpur"
2019,South Africa,Sri Lanka,2019/03/06,South Africa,"SuperSport Park, Centurion"
2019,India,Australia,2019/03/08,Australia,"JSCA International Stadium, Ranchi"
2019,India,Australia,2019/03/10,Australia,"Punjab Cricket Association IS Bindra Stadium, Mohali"
2019,South Africa,Sri Lanka,2019/03/10,South Africa,"Kingsmead, Durban"
2019,India,Australia,2019/03/13,Australia,"Arun Jaitley Stadium, Delhi"
2019,South Africa,Sri Lanka,2019/03/13,South Africa,"St George's Park, Gqeberha"
2019,South Africa,Sri Lanka,2019/03/16,South Africa,"Newlands, Cape Town"
2019,Australia,Pakistan,2019/03/22,Australia,"Sharjah Cricket Stadium, Sharjah"
2019,Australia,Pakistan,2019/03/24,Australia,"Sharjah Cricket Stadium, Sharjah"
2019,Australia,Pakistan,2019/03/27,Australia,"Sheikh Zayed Cricket Stadium, Abu Dhabi"
2019,Australia,Pakistan,2019/03/29,Australia,"DSC, Dubai"
2019,Australia,Pakistan,2019/03/31,Australia,"DSC, Dubai"
2019,England,Pakistan,2019/04/10,no result,"The Oval, Surrey"
2019,England,Pakistan,2019/05/11,England,"County Ground, Southampton"
2019,England,Pakistan,2019/05/14,England,"County Ground, Bristol"
2019,England,Pakistan,2019/05/17,England,"Trent Bridge, Nottingham"
2019,England,Pakistan,2019/05/19,England,"Headingley, Leeds"
2019,England,South Africa,2019/05/30,England,"The Oval, Surrey"
2019,New Zealand,Sri Lanka,2019/06/01,New Zealand,"Sophia Gardens, Cardiff"
2019,Afghanistan,Australia,2019/06/01,Australia,"County Ground, Bristol"
2019,Bangladesh,South Africa,2019/06/02,Bangladesh,"The Oval, Surrey"
2019,England,Pakistan,2019/06/03,Pakistan,"Trent Bridge, Nottingham"
2019,Afghanistan,Sri Lanka,2019/06/04,Sri Lanka,"Sophia Gardens, Cardiff"
2019,India,South Africa,2019/06/05,India,"County Ground, Southampton"
2019,Bangladesh,New Zealand,2019/06/05,New Zealand,"The Oval, Surrey"
2019,England,Bangladesh,2019/06/08,England,"Sophia Gardens, Cardiff"
2019,Afghanistan,New Zealand,2019/06/08,New Zealand,"The Cooper Associates County Ground, Taunton"
2019,Australia,India,2019/06/09,India,"The Oval, Surrey"
2019,Australia,Pakistan,2019/06/12,Australia,"The Cooper Associates County Ground, Taunton"
2019,Australia,Sri Lanka,2019/06/15,Australia,"The Oval, Surrey"
2019,Afghanistan,South Africa,2019/06/15,South Africa,"Sophia Gardens, Cardiff"
2019,India,Pakistan,2019/06/16,India,"Emirates Old Trafford, Manchester"
2019,England,Afghanistan,2019/06/18,England,"Emirates Old Trafford, Manchester"
2019,New Zealand,South Africa,2019/06/19,New Zealand,"Edgbaston, Birmingham"
2019,Australia,Bangladesh,2019/06/20,Australia,"Trent Bridge, Nottingham"
2019,England,Sri Lanka,2019/06/21,Sri Lanka,"Headingley, Leeds"
2019,Afghanistan,India,2019/06/22,India,"County Ground, Southampton"
2019,Pakistan,South Africa,2019/06/23,Pakistan,"Lord's, London"
2019,Afghanistan,Bangladesh,2019/06/24,Bangladesh,"County Ground, Southampton"
2019,England,Australia,2019/06/25,Australia,"Lord's, London"
2019,New Zealand,Pakistan,2019/06/26,Pakistan,"Edgbaston, Birmingham"
2019,South Africa,Sri Lanka,2019/06/28,South Africa,"Riverside Ground, Chester-le-Street"
2019,Afghanistan,Pakistan,2019/06/29,Pakistan,"Headingley, Leeds"
2019,Australia,New Zealand,2019/06/29,Australia,"Lord's, London"
2019,England,India,2019/06/30,England,"Edgbaston, Birmingham"
2019,Bangladesh,India,2019/07/02,India,"Edgbaston, Birmingham"
2019,England,New Zealand,2019/07/03,England,"Riverside Ground, Chester-le-Street"
2019,Bangladesh,Pakistan,2019/07/05,Pakistan,"Lord's, London"
2019,India,Sri Lanka,2019/07/06,India,"Headingley, Leeds"
2019,Australia,South Africa,2019/07/06,South Africa,"Emirates Old Trafford, Manchester"
2019,India,New Zealand,2019/07/09,New Zealand,"Emirates Old Trafford, Manchester"
2019,England,Australia,2019/07/11,England,"Edgbaston, Birmingham"
2019,England,New Zealand,2019/07/14,tied,"Lord's, London"
2019,Sri Lanka,Bangladesh,2019/07/26,Sri Lanka,"R.Premadasa Stadium, Colombo"
2019,Sri Lanka,Bangladesh,2019/07/28,Sri Lanka,"R.Premadasa Stadium, Colombo"
2019,Sri Lanka,Bangladesh,2019/07/31,Sri Lanka,"R.Premadasa Stadium, Colombo"
2019,Pakistan,Sri Lanka,2019/09/30,Pakistan,"National Stadium, Karachi"
2019,Pakistan,Sri Lanka,2019/10/02,Pakistan,"National Stadium, Karachi"
2020,India,Australia,2020/01/14,Australia,"Wankhede Stadium, Mumbai"
2020,India,Australia,2020/01/17,India,"Saurashtra Cricket Association Stadium, Rajkot"
2020,India,Australia,2020/01/19,India,"M.Chinnaswamy Stadium, Bengaluru"
2020,South Africa,England,2020/02/04,South Africa,"Newlands, Cape Town"
2020,New Zealand,India,2020/02/05,New Zealand,"Seddon Park, Hamilton"
2020,South Africa,England,2020/02/07,no result,"Kingsmead, Durban"
2020,New Zealand,India,2020/02/08,New Zealand,"Eden Park, Auckland"
2020,South Africa,England,2020/02/09,England,"The Wanderers Stadium, Johannesburg"
2020,New Zealand,India,2020/02/11,New Zealand,"Bay Oval, Mount Maunganui"
2020,South Africa,Australia,2020/02/29,South Africa,"Boland Park, Paarl"
2020,South Africa,Australia,2020/03/04,South Africa,"Mangaung Oval, Bloemfontein"
2020,South Africa,Australia,2020/03/07,South Africa,"Senwes Park, Potchefstroom"
2020,Australia,New Zealand,2020/03/13,Australia,"Sydney Cricket Ground, Sydney"
2020,England,Australia,2020/09/11,Australia,"Emirates Old Trafford, Manchester"
2020,England,Australia,2020/09/13,England,"Emirates Old Trafford, Manchester"
2020,England,Australia,2020/09/16,Australia,"Emirates Old Trafford, Manchester"
2020,Australia,India,2020/11/27,Australia,"Sydney Cricket Ground, Sydney"
2020,Australia,India,2020/11/29,Australia,"Sydney Cricket Ground, Sydney"
2020,Australia,India,2020/12/02,India,"Manuka Oval, Canberra"
2021,New Zealand,Bangladesh,2021/03/20,New Zealand,"University Oval, Dunedin"
2021,New Zealand,Bangladesh,2021/03/23,New Zealand,"Hagley Oval, Christchurch"
2021,India,England,2021/03/23,India,"Maharashtra Cricket Association Stadium, Pune"
2021,New Zealand,Bangladesh,2021/03/26,New Zealand,"Sky Stadium, Wellington"
2021,India,England,2021/03/26,England,"Maharashtra Cricket Association Stadium, Pune"
2021,India,England,2021/03/28,India,"Maharashtra Cricket Association Stadium, Pune"
2021,South Africa,Pakistan,2021/04/02,Pakistan,"SuperSport Park, Centurion"
2021,South Africa,Pakistan,2021/04/04,South Africa,"The Wanderers Stadium, Johannesburg"
2021,South Africa,Pakistan,2021/04/07,Pakistan,"SuperSport Park, Centurion"
2021,Bangladesh,Sri Lanka,2021/05/23,Bangladesh,"Mirpur Stadium, Mirpur"
2021,Bangladesh,Sri Lanka,2021/05/25,Bangladesh,"Mirpur Stadium, Mirpur"
2021,Bangladesh,Sri Lanka,2021/05/28,Sri Lanka,"Mirpur Stadium, Mirpur"
2021,England,Sri Lanka,2021/06/29,England,"Riverside Ground, Chester-le-Street"
2021,England,Sri Lanka,2021/07/01,England,"The Oval, Surrey"
2021,England,Sri Lanka,2021/07/04,no result,"County Ground, Bristol"
2021,England,Pakistan,2021/07/08,England,"Sophia Gardens, Cardiff"
2021,England,Pakistan,2021/07/10,England,"Lord's, London"
2021,England,Pakistan,2021/07/13,England,"Edgbaston, Birmingham"
2021,Sri Lanka,India,2021/07/18,India,"R.Premadasa Stadium, Colombo"
2021,Sri Lanka,India,2021/07/20,India,"R.Premadasa Stadium, Colombo"
2021,Sri Lanka,India,2021/07/23,Sri Lanka,"R.Premadasa Stadium, Colombo"
2021,Sri Lanka,South Africa,2021/09/02,Sri Lanka,"R.Premadasa Stadium, Colombo"
2021,Sri Lanka,South Africa,2021/09/04,South Africa,"R.Premadasa Stadium, Colombo"
2021,Sri Lanka,South Africa,2021/09/07,Sri Lanka,"R.Premadasa Stadium, Colombo"
2021,South Africa,Netherlands,2021/11/26,no result,"SuperSport Park, Centurion"
2022,South Africa,India,2022/01/19,South Africa,"Boland Park, Paarl"
2022,Afghanistan,Netherlands,2022/01/21,Afghanistan,"West End Park, Doha"
2022,South Africa,India,2022/01/21,South Africa,"Boland Park, Paarl"
2022,Afghanistan,Netherlands,2022/01/23,Afghanistan,"West End Park, Doha"
2022,South Africa,India,2022/01/23,South Africa,"Newlands, Cape Town"
2022,Afghanistan,Netherlands,2022/01/25,Afghanistan,"West End Park, Doha"
2022,Bangladesh,Afghanistan,2022/02/23,Bangladesh,"Zahur Ahmed Chowdhury Stadium, Chattogram"
2022,Bangladesh,Afghanistan,2022/02/25,Bangladesh,"Zahur Ahmed Chowdhury Stadium, Chattogram"
2022,Bangladesh,Afghanistan,2022/02/28,Afghanistan,"Zahur Ahmed Chowdhury Stadium, Chattogram"
2022,South Africa,Bangladesh,2022/03/18,Bangladesh,"SuperSport Park, Centurion"
2022,South Africa,Bangladesh,2022/03/20,South Africa,"The Wanderers Stadium, Johannesburg"
2022,South Africa,Bangladesh,2022/03/23,Bangladesh,"SuperSport Park, Centurion"
2022,New Zealand,Netherlands,2022/03/29,New Zealand,"Bay Oval, Mount Maunganui"
2022,Pakistan,Australia,2022/03/29,Australia,"Gaddafi Stadium, Lahore"
2022,Pakistan,Australia,2022/03/31,Pakistan,"Gaddafi Stadium, Lahore"
2022,New Zealand,Netherlands,2022/04/02,New Zealand,"Seddon Park, Hamilton"
2022,Pakistan,Australia,2022/04/02,Pakistan,"Gaddafi Stadium, Lahore"
2022,New Zealand,Netherlands,2022/04/04,New Zealand,"Seddon Park, Hamilton"
2022,Sri Lanka,Australia,2022/06/14,Australia,"Pallekele International Cricket Stadium, Pallekele"
2022,Sri Lanka,Australia,2022/06/16,Sri Lanka,"Pallekele International Cricket Stadium, Pallekele"
2022,Netherlands,England,2022/06/17,England,"VRA Cricket Ground, Amstelveenbb"
2022,Netherlands,England,2022/06/19,England,"VRA Cricket Ground, Amstelveenbb"
2022,Sri Lanka,Australia,2022/06/19,Sri Lanka,"R.Premadasa Stadium, Colombo"
2022,Sri Lanka,Australia,2022/06/21,Sri Lanka,"R.Premadasa Stadium, Colombo"
2022,Netherlands,England,2022/06/22,England,"VRA Cricket Ground, Amstelveenbb"
2022,Sri Lanka,Australia,2022/06/24,Australia,"R.Premadasa Stadium, Colombo"
2022,England,India,2022/07/12,India,"The Oval, Surrey"
2022,England,India,2022/07/14,England,"Lord's, London"
2022,England,India,2022/07/17,India,"Emirates Old Trafford, Manchester"
2022,England,South Africa,2022/07/19,South Africa,"Riverside Ground, Chester-le-Street"
2022,England,South Africa,2022/07/22,England,"Emirates Old Trafford, Manchester"
2022,England,South Africa,2022/07/24,no result,"Headingley, Leeds"
2022,Netherlands,Pakistan,2022/08/16,Pakistan,"Hazelaarweg Stadion , Rotterdam"
2022,Netherlands,Pakistan,2022/08/18,Pakistan,"Hazelaarweg Stadion , Rotterdam"
2022,Netherlands,Pakistan,2022/08/21,Pakistan,"Hazelaarweg Stadion , Rotterdam"
2022,Australia,New Zealand,2022/09/06,Australia,"Cairns Stadium, Cairns"
2022,Australia,New Zealand,2022/09/08,Australia,"Cairns Stadium, Cairns"
2022,Australia,New Zealand,2022/09/11,Australia,"Cairns Stadium, Cairns"
2022,India,South Africa,2022/10/06,South Africa,"Bharat Ratna Shri Atal Bihari Vajpayee Ekana Cricket Stadium, Lucknow"
2022,India,South Africa,2022/10/09,India,"JSCA International Stadium, Ranchi"
2022,India,South Africa,2022/10/11,India,"Arun Jaitley Stadium, Delhi"
2022,Australia,England,2022/11/17,Australia,"Adelaide Oval, Adelaide"
2022,Australia,England,2022/11/19,Australia,"Sydney Cricket Ground, Sydney"
2022,Australia,England,2022/11/22,Australia,"Melbourne Cricket Ground, Melbourne"
2022,New Zealand,India,2022/11/25,New Zealand,"Eden Park, Auckland"
2022,Sri Lanka,Afghanistan,2022/11/25,Afghanistan,"Pallekele International Cricket Stadium, Pallekele"
2022,New Zealand,India,2022/11/27,no result,"Seddon Park, Hamilton"
2022,Sri Lanka,Afghanistan,2022/11/27,no result,"Pallekele International Cricket Stadium, Pallekele"
2022,New Zealand,India,2022/11/30,no result,"Hagley Oval, Christchurch"
2022,Sri Lanka,Afghanistan,2022/11/30,Sri Lanka,"Pallekele International Cricket Stadium, Pallekele"
2022,Bangladesh,India,2022/12/04,Bangladesh,"Mirpur Stadium, Mirpur"
2022,Bangladesh,India,2022/12/07,Bangladesh,"Mirpur Stadium, Mirpur"
2022,Bangladesh,India,2022/12/10,India,"Zahur Ahmed Chowdhury Stadium, Chattogram"
2023,Pakistan,New Zealand,2023/01/09,Pakistan,"National Stadium, Karachi"
2023,India,Sri Lanka,2023/01/10,India,"ASA, Guwahati"
2023,Pakistan,New Zealand,2023/01/11,New Zealand,"National Stadium, Karachi"
2023,India,Sri Lanka,2023/01/12,India,"Eden Gardens, Kolkata"
2023,Pakistan,New Zealand,2023/01/13,New Zealand,"National Stadium, Karachi"
2023,India,Sri Lanka,2023/01/15,India,"Greenfield, Thiruvananthapuram"
2023,India,New Zealand,2023/01/18,India,"Rajiv Gandhi International Cricket Stadium, Hyderabad"
2023,India,New Zealand,2023/01/21,India,"Shaheed Veer Narayan, Raipur"
2023,India,New Zealand,2023/01/24,India,"Indore Stadium, Indore"
2023,South Africa,England,2023/01/27,South Africa,"Mangaung Oval, Bloemfontein"
2023,South Africa,England,2023/01/29,South Africa,"Mangaung Oval, Bloemfontein"
2023,South Africa,England,2023/02/01,England,"Diamond Oval, Kimberley"
2023,Bangladesh,England,2023/03/01,England,"Mirpur Stadium, Mirpur"
2023,Bangladesh,England,2023/03/03,England,"Mirpur Stadium, Mirpur"
2023,Bangladesh,England,2023/03/06,Bangladesh,"Zahur Ahmed Chowdhury Stadium, Chattogram"
2023,India,Australia,2023/03/17,India,"Wankhede Stadium, Mumbai"
2023,India,Australia,2023/03/19,Australia,"ACA-VDCA, Visakhapatnam"
2023,India,Australia,2023/03/22,Australia,"MA Chidambaram Stadium, Chennai"
2023,New Zealand,Sri Lanka,2023/03/25,New Zealand,"Eden Park, Auckland"
2023,New Zealand,Sri Lanka,2023/03/31,New Zealand,"Seddon Park, Hamilton"
2023,South Africa,Netherlands,2023/03/31,South Africa,"Willowmoore Park, Benoni"
2023,South Africa,Netherlands,2023/04/02,South Africa,"The Wanderers Stadium, Johannesburg"
2023,Pakistan,New Zealand,2023/04/27,Pakistan,"Rawalpindi Stadium, Rawalpindi"
2023,Pakistan,New Zealand,2023/04/29,Pakistan,"Rawalpindi Stadium, Rawalpindi"
2023,Pakistan,New Zealand,2023/05/03,Pakistan,"National Stadium, Karachi"
2023,Pakistan,New Zealand,2023/05/05,Pakistan,"National Stadium, Karachi"
2023,Pakistan,New Zealand,2023/05/07,New Zealand,"National Stadium, Karachi"
2023,Sri Lanka,Afghanistan,2023/06/02,Afghanistan,"Mahinda Rajapaksa International Stadium, Hambantota"
2023,Sri Lanka,Afghanistan,2023/06/04,Sri Lanka,"Mahinda Rajapaksa International Stadium, Hambantota"
2023,Sri Lanka,Afghanistan,2023/06/07,Sri Lanka,"Mahinda Rajapaksa International Stadium, Hambantota"
2023,Netherlands,Sri Lanka,2023/06/30,Sri Lanka,"Queens Sports Club, Bulawayo"
2023,Bangladesh,Afghanistan,2023/07/05,Afghanistan,"Zahur Ahmed Chowdhury Stadium, Chattogram"
2023,Bangladesh,Afghanistan,2023/07/08,Afghanistan,"Zahur Ahmed Chowdhury Stadium, Chattogram"
2023,Netherlands,Sri Lanka,2023/07/09,Sri Lanka,"Harare Sports Club, Harare"
2023,Bangladesh,Afghanistan,2023/07/11,Bangladesh,"Zahur Ahmed Chowdhury Stadium, Chattogram"
2018,New Zealand,Pakistan,2018/01/06,New Zealand,"Sky Stadium, Wellington"
2018,New Zealand,Pakistan,2018/01/09,New Zealand,"Saxton Oval, Nelson"
2018,New Zealand,Pakistan,2018/01/13,New Zealand,"University Oval, Dunedin"
2018,Australia,England,2018/01/14,England,"Melbourne Cricket Ground, Melbourne"
2018,New Zealand,Pakistan,2018/01/16,New Zealand,"Seddon Park, Hamilton"
2018,New Zealand,Pakistan,2018/01/19,New Zealand,"Sky Stadium, Wellington"
2018,Australia,England,2018/01/19,England,"The Gabba, Brisbane"
2018,Bangladesh,Sri Lanka,2018/01/19,Bangladesh,"Mirpur Stadium, Mirpur"
2018,Australia,England,2018/01/21,England,"Sydney Cricket Ground, Sydney"
2018,Bangladesh,Sri Lanka,2018/01/25,Sri Lanka,"Mirpur Stadium, Mirpur"
2018,Australia,England,2018/01/26,Australia,"Adelaide Oval, Adelaide"
2018,Bangladesh,Sri Lanka,2018/01/27,Sri Lanka,"Mirpur Stadium, Mirpur"
2018,Australia,England,2018/01/28,England,"W.A.C.A. Ground, Perth"
2018,South Africa,India,2018/02/01,India,"Kingsmead, Durban"
2018,South Africa,India,2018/02/04,India,"SuperSport Park, Centurion"
2018,South Africa,India,2018/02/07,India,"Newlands, Cape Town"
2018,South Africa,India,2018/02/10,South Africa,"The Wanderers Stadium, Johannesburg"
2018,South Africa,India,2018/02/13,India,"St George's Park, Gqeberha"
2018,South Africa,India,2018/02/16,India,"SuperSport Park, Centurion"
2018,New Zealand,England,2018/02/25,New Zealand,"Seddon Park, Hamilton"
2018,New Zealand,England,2018/02/28,England,"Bay Oval, Mount Maunganui"
2018,New Zealand,England,2018/03/03,England,"Sky Stadium, Wellington"
2018,New Zealand,England,2018/03/07,New Zealand,"University Oval, Dunedin"
2018,New Zealand,England,2018/03/10,England,"Hagley Oval, Christchurch"
2018,England,Australia,2018/06/13,England,"The Oval, Surrey"
2018,England,Australia,2018/06/16,England,"Sophia Gardens, Cardiff"
2018,England,Australia,2018/06/19,England,"Trent Bridge, Nottingham"
2018,England,Australia,2018/06/21,England,"Riverside Ground, Chester-le-Street"
2018,England,Australia,2018/06/24,England,"Emirates Old Trafford, Manchester"
2018,England,India,2018/07/12,India,"Trent Bridge, Nottingham"
2018,England,India,2018/07/14,England,"Lord's, London"
2018,England,India,2018/07/17,England,"Headingley, Leeds"
2018,Sri Lanka,South Africa,2018/07/29,South Africa,Dambulla
2018,Sri Lanka,South Africa,2018/08/01,South Africa,Dambulla
2018,Sri Lanka,South Africa,2018/08/05,South Africa,"Pallekele International Cricket Stadium, Pallekele"
2018,Sri Lanka,South Africa,2018/08/08,Sri Lanka,"Pallekele International Cricket Stadium, Pallekele"
2018,Sri Lanka,South Africa,2018/08/12,Sri Lanka,"R.Premadasa Stadium, Colombo"
2018,Bangladesh,Sri Lanka,2018/09/15,Bangladesh,"DSC, Dubai"
2018,Afghanistan,Sri Lanka,2018/09/17,Afghanistan,"Sheikh Zayed Cricket Stadium, Abu Dhabi"
2018,India,Pakistan,2018/09/19,India,"DSC, Dubai"
2018,Afghanistan,Bangladesh,2018/09/20,Afghanistan,"Sheikh Zayed Cricket Stadium, Abu Dhabi"
2018,Bangladesh,India,2018/09/21,India,"DSC, Dubai"
2018,Afghanistan,Pakistan,2018/09/21,Pakistan,"Sheikh Zayed Cricket Stadium, Abu Dhabi"
2018,India,Pakistan,2018/09/23,India,"DSC, Dubai"
2018,Afghanistan,Bangladesh,2018/09/23,Bangladesh,"Sheikh Zayed Cricket Stadium, Abu Dhabi"
2018,Afghanistan,India,2018/09/25,tied,"DSC, Dubai"
2018,Bangladesh,Pakistan,2018/09/26,Bangladesh,"Sheikh Zayed Cricket Stadium, Abu Dhabi"
2018,Bangladesh,India,2018/09/28,India,"DSC, Dubai"
2018,Sri Lanka,England,2018/10/10,no result,Dambulla
2018,Sri Lanka,England,2018/10/13,England,Dambulla
2018,Sri Lanka,England,2018/10/17,England,"Pallekele International Cricket Stadium, Pallekele"
2018,Sri Lanka,England,2018/10/20,England,"Pallekele International Cricket Stadium, Pallekele"
2018,Sri Lanka,England,2018/10/23,Sri Lanka,"R.Premadasa Stadium, Colombo"
2018,Australia,South Africa,2018/11/04,South Africa,"W.A.C.A. Ground, Perth"
2018,New Zealand,Pakistan,2018/11/07,New Zealand,"Sheikh Zayed Cricket Stadium, Abu Dhabi"
2018,Australia,South Africa,2018/11/09,Australia,"Adelaide Oval, Adelaide"
2018,New Zealand,Pakistan,2018/11/09,Pakistan,"Sheikh Zayed Cricket Stadium, Abu Dhabi"
2018,Australia,South Africa,2018/11/11,South Africa,"Bellerive Oval, Hobart"
2018,New Zealand,Pakistan,2018/11/11,no result,"DSC, Dubai"
2017,Australia,Pakistan,2017/01/13,Australia,"The Gabba, Brisbane"
2017,Australia,Pakistan,2017/01/15,Pakistan,"Melbourne Cricket Ground, Melbourne"
2017,India,England,2017/01/15,India,"Maharashtra Cricket Association Stadium, Pune"
2017,Australia,Pakistan,2017/01/19,Australia,"W.A.C.A. Ground, Perth"
2017,India,England,2017/01/19,India,"Barabati Stadium, Cuttack"
2017,Australia,Pakistan,2017/01/22,Australia,"Sydney Cricket Ground, Sydney"
2017,India,England,2017/01/22,England,"Eden Gardens, Kolkata"
2017,Australia,Pakistan,2017/01/26,Australia,"Adelaide Oval, Adelaide"
2017,South Africa,Sri Lanka,2017/01/28,South Africa,"St George's Park, Gqeberha"
2017,New Zealand,Australia,2017/01/30,New Zealand,"Eden Park, Auckland"
2017,South Africa,Sri Lanka,2017/02/01,South Africa,"Kingsmead, Durban"
2017,South Africa,Sri Lanka,2017/02/04,South Africa,"The Wanderers Stadium, Johannesburg"
2017,New Zealand,Australia,2017/02/05,New Zealand,"Seddon Park, Hamilton"
2017,South Africa,Sri Lanka,2017/02/07,South Africa,"Newlands, Cape Town"
2017,South Africa,Sri Lanka,2017/02/10,South Africa,"SuperSport Park, Centurion"
2017,New Zealand,South Africa,2017/02/19,South Africa,"Seddon Park, Hamilton"
2017,New Zealand,South Africa,2017/02/22,New Zealand,"Hagley Oval, Christchurch"
2017,New Zealand,South Africa,2017/02/25,South Africa,"Sky Stadium, Wellington"
2017,New Zealand,South Africa,2017/03/01,New Zealand,"Seddon Park, Hamilton"
2017,New Zealand,South Africa,2017/03/04,South Africa,"Eden Park, Auckland"
2017,Sri Lanka,Bangladesh,2017/03/25,Bangladesh,Dambulla
2017,Sri Lanka,Bangladesh,2017/03/28,no result,Dambulla
2017,Sri Lanka,Bangladesh,2017/04/01,Sri Lanka,"R.Premadasa Stadium, Colombo"
2017,Bangladesh,New Zealand,2017/05/17,New Zealand,"Malahide, Dublin"
2017,Bangladesh,New Zealand,2017/05/24,Bangladesh,"Malahide, Dublin"
2017,England,South Africa,2017/05/24,England,"Headingley, Leeds"
2017,England,South Africa,2017/05/27,England,"County Ground, Southampton"
2017,England,South Africa,2017/05/29,South Africa,"Lord's, London"
2017,England,Bangladesh,2017/06/01,England,"The Oval, Surrey"
2017,Australia,New Zealand,2017/06/02,no result,"Edgbaston, Birmingham"
2017,South Africa,Sri Lanka,2017/06/03,South Africa,"The Oval, Surrey"
2017,India,Pakistan,2017/06/04,India,"Edgbaston, Birmingham"
2017,Australia,Bangladesh,2017/06/05,no result,"The Oval, Surrey"
2017,England,New Zealand,2017/06/06,England,"Sophia Gardens, Cardiff"
2017,Pakistan,South Africa,2017/06/07,Pakistan,"Edgbaston, Birmingham"
2017,India,Sri Lanka,2017/06/08,Sri Lanka,"The Oval, Surrey"
2017,Bangladesh,New Zealand,2017/06/09,Bangladesh,"Sophia Gardens, Cardiff"
2017,England,Australia,2017/06/10,England,"Edgbaston, Birmingham"
2017,India,South Africa,2017/06/11,India,"The Oval, Surrey"
2017,Pakistan,Sri Lanka,2017/06/12,Pakistan,"Sophia Gardens, Cardiff"
2017,England,Pakistan,2017/06/14,Pakistan,"Sophia Gardens, Cardiff"
2017,Bangladesh,India,2017/06/15,India,"Edgbaston, Birmingham"
2017,India,Pakistan,2017/06/18,Pakistan,"The Oval, Surrey"
2017,Sri Lanka,India,2017/08/20,India,Dambulla
2017,Sri Lanka,India,2017/08/24,India,"Pallekele International Cricket Stadium, Pallekele"
2017,Sri Lanka,India,2017/08/27,India,"Pallekele International Cricket Stadium, Pallekele"
2017,Sri Lanka,India,2017/08/31,India,"R.Premadasa Stadium, Colombo"
2017,Sri Lanka,India,2017/09/03,India,"R.Premadasa Stadium, Colombo"
2017,India,Australia,2017/09/17,India,"MA Chidambaram Stadium, Chennai"
2017,India,Australia,2017/09/21,India,"Eden Gardens, Kolkata"
2017,India,Australia,2017/09/24,India,"Indore Stadium, Indore"
2017,India,Australia,2017/09/28,Australia,"M.Chinnaswamy Stadium, Bengaluru"
2017,India,Australia,2017/10/01,India,"Vidarbha Cricket Association Stadium, Nagpur"
2017,Pakistan,Sri Lanka,2017/10/13,Pakistan,"DSC, Dubai"
2017,South Africa,Bangladesh,2017/10/15,South Africa,"Diamond Oval, Kimberley"
2017,Pakistan,Sri Lanka,2017/10/16,Pakistan,"Sheikh Zayed Cricket Stadium, Abu Dhabi"
2017,South Africa,Bangladesh,2017/10/18,South Africa,"Boland Park, Paarl"
2017,Pakistan,Sri Lanka,2017/10/18,Pakistan,"Sheikh Zayed Cricket Stadium, Abu Dhabi"
2017,Pakistan,Sri Lanka,2017/10/20,Pakistan,"Sharjah Cricket Stadium, Sharjah"
2017,India,New Zealand,2017/10/22,New Zealand,"Wankhede Stadium, Mumbai"
2017,South Africa,Bangladesh,2017/10/22,South Africa,"Buffalo Park, East London"
2017,Pakistan,Sri Lanka,2017/10/23,Pakistan,"Sharjah Cricket Stadium, Sharjah"
2017,India,New Zealand,2017/10/25,India,"Maharashtra Cricket Association Stadium, Pune"
2017,India,New Zealand,2017/10/29,India,Kanpur
2017,India,Sri Lanka,2017/12/10,Sri Lanka,"Himachal Pradesh Cricket Association Stadium, Dharamsala"
2017,India,Sri Lanka,2017/12/13,India,"Punjab Cricket Association IS Bindra Stadium, Mohali"
2017,India,Sri Lanka,2017/12/17,India,"ACA-VDCA, Visakhapatnam"
2015,New Zealand,Sri Lanka,2015/01/11,New Zealand,"Hagley Oval, Christchurch"
2015,New Zealand,Sri Lanka,2015/01/15,Sri Lanka,"Seddon Park, Hamilton"
2015,Australia,England,2015/01/16,Australia,"Sydney Cricket Ground, Sydney"
2015,New Zealand,Sri Lanka,2015/01/17,no result,"Eden Park, Auckland"
2015,Australia,India,2015/01/18,Australia,"Melbourne Cricket Ground, Melbourne"
2015,New Zealand,Sri Lanka,2015/01/20,New Zealand,"Saxton Oval, Nelson"
2015,England,India,2015/01/20,England,"The Gabba, Brisbane"
2015,New Zealand,Sri Lanka,2015/01/23,New Zealand,"University Oval, Dunedin"
2015,Australia,England,2015/01/23,Australia,"Bellerive Oval, Hobart"
2015,New Zealand,Sri Lanka,2015/01/25,New Zealand,"University Oval, Dunedin"
2015,Australia,India,2015/01/26,no result,"Sydney Cricket Ground, Sydney"
2015,New Zealand,Sri Lanka,2015/01/29,Sri Lanka,"Sky Stadium, Wellington"
2015,England,India,2015/01/30,England,"W.A.C.A. Ground, Perth"
2015,New Zealand,Pakistan,2015/01/31,New Zealand,"Sky Stadium, Wellington"
2015,Australia,England,2015/02/01,Australia,"W.A.C.A. Ground, Perth"
2015,New Zealand,Pakistan,2015/02/03,New Zealand,"McLean Park, Napier"
2015,New Zealand,Sri Lanka,2015/02/14,New Zealand,"Hagley Oval, Christchurch"
2015,Australia,England,2015/02/14,Australia,"Melbourne Cricket Ground, Melbourne"
2015,India,Pakistan,2015/02/15,India,"Adelaide Oval, Adelaide"
2015,Afghanistan,Bangladesh,2015/02/18,Bangladesh,"Manuka Oval, Canberra"
2015,New Zealand,England,2015/02/20,New Zealand,"Sky Stadium, Wellington"
2015,Afghanistan,Sri Lanka,2015/02/22,Sri Lanka,"University Oval, Dunedin"
2015,India,South Africa,2015/02/22,India,"Melbourne Cricket Ground, Melbourne"
2015,Bangladesh,Sri Lanka,2015/02/26,Sri Lanka,"Melbourne Cricket Ground, Melbourne"
2015,New Zealand,Australia,2015/02/28,New Zealand,"Eden Park, Auckland"
2015,England,Sri Lanka,2015/03/01,Sri Lanka,"Sky Stadium, Wellington"
2015,Australia,Afghanistan,2015/03/04,Australia,"W.A.C.A. Ground, Perth"
2015,Pakistan,South Africa,2015/03/07,Pakistan,"Eden Park, Auckland"
2015,New Zealand,Afghanistan,2015/03/08,New Zealand,"McLean Park, Napier"
2015,Australia,Sri Lanka,2015/03/08,Australia,"Sydney Cricket Ground, Sydney"
2015,Bangladesh,England,2015/03/09,Bangladesh,"Adelaide Oval, Adelaide"
2015,New Zealand,Bangladesh,2015/03/13,New Zealand,"Seddon Park, Hamilton"
2015,Afghanistan,England,2015/03/13,England,"Sydney Cricket Ground, Sydney"
2015,South Africa,Sri Lanka,2015/03/18,South Africa,"Sydney Cricket Ground, Sydney"
2015,Bangladesh,India,2015/03/19,India,"Melbourne Cricket Ground, Melbourne"
2015,Australia,Pakistan,2015/03/20,Australia,"Adelaide Oval, Adelaide"
2015,New Zealand,South Africa,2015/03/24,New Zealand,"Eden Park, Auckland"
2015,Australia,India,2015/03/26,Australia,"Sydney Cricket Ground, Sydney"
2015,Australia,New Zealand,2015/03/29,Australia,"Melbourne Cricket Ground, Melbourne"
2015,Bangladesh,Pakistan,2015/04/17,Bangladesh,"Mirpur Stadium, Mirpur"
2015,Bangladesh,Pakistan,2015/04/19,Bangladesh,"Mirpur Stadium, Mirpur"
2015,Bangladesh,Pakistan,2015/04/22,Bangladesh,"Mirpur Stadium, Mirpur"
2015,England,New Zealand,2015/06/09,England,"Edgbaston, Birmingham"
2015,England,New Zealand,2015/06/12,New Zealand,"The Oval, Surrey"
2015,England,New Zealand,2015/06/14,New Zealand,"County Ground, Southampton"
2015,England,New Zealand,2015/06/17,England,"Trent Bridge, Nottingham"
2015,Bangladesh,India,2015/06/18,Bangladesh,"Mirpur Stadium, Mirpur"
2015,England,New Zealand,2015/06/20,England,"Riverside Ground, Chester-le-Street"
2015,Bangladesh,India,2015/06/21,Bangladesh,"Mirpur Stadium, Mirpur"
2015,Bangladesh,India,2015/06/24,India,"Mirpur Stadium, Mirpur"
2015,Bangladesh,South Africa,2015/07/10,South Africa,"Mirpur Stadium, Mirpur"
2015,Sri Lanka,Pakistan,2015/07/11,Pakistan,Dambulla
2015,Bangladesh,South Africa,2015/07/12,Bangladesh,"Mirpur Stadium, Mirpur"
2015,Bangladesh,South Africa,2015/07/15,Bangladesh,"Zahur Ahmed Chowdhury Stadium, Chattogram"
2015,Sri Lanka,Pakistan,2015/07/15,Sri Lanka,"Pallekele International Cricket Stadium, Pallekele"
2015,Sri Lanka,Pakistan,2015/07/19,Pakistan,"R.Premadasa Stadium, Colombo"
2015,Sri Lanka,Pakistan,2015/07/22,Pakistan,"R.Premadasa Stadium, Colombo"
2015,Sri Lanka,Pakistan,2015/07/26,Sri Lanka,"Mahinda Rajapaksa International Stadium, Hambantota"
2015,South Africa,New Zealand,2015/08/19,South Africa,"SuperSport Park, Centurion"
2015,South Africa,New Zealand,2015/08/23,New Zealand,"Senwes Park, Potchefstroom"
2015,South Africa,New Zealand,2015/08/26,South Africa,"Kingsmead, Durban"
2015,England,Australia,2015/09/03,Australia,"County Ground, Southampton"
2015,England,Australia,2015/09/05,Australia,"Lord's, London"
2015,England,Australia,2015/09/08,England,"Emirates Old Trafford, Manchester"
2015,England,Australia,2015/09/11,England,"Headingley, Leeds"
2015,England,Australia,2015/09/13,Australia,"Emirates Old Trafford, Manchester"
2015,India,South Africa,2015/10/11,South Africa,Kanpur
2015,India,South Africa,2015/10/14,India,"Indore Stadium, Indore"
2015,India,South Africa,2015/10/18,South Africa,"Saurashtra Cricket Association Stadium, Rajkot"
2015,India,South Africa,2015/10/22,India,"MA Chidambaram Stadium, Chennai"
2015,India,South Africa,2015/10/25,South Africa,"Wankhede Stadium, Mumbai"
2015,England,Pakistan,2015/11/11,Pakistan,"Sheikh Zayed Cricket Stadium, Abu Dhabi"
2015,England,Pakistan,2015/11/13,England,"Sheikh Zayed Cricket Stadium, Abu Dhabi"
2015,England,Pakistan,2015/11/17,England,"Sharjah Cricket Stadium, Sharjah"
2015,England,Pakistan,2015/11/20,England,"DSC, Dubai"
2015,New Zealand,Sri Lanka,2015/12/26,New Zealand,"Hagley Oval, Christchurch"
2015,New Zealand,Sri Lanka,2015/12/28,New Zealand,"Hagley Oval, Christchurch"
2015,New Zealand,Sri Lanka,2015/12/31,Sri Lanka,"Saxton Oval, Nelson"
2016,New Zealand,Sri Lanka,2016/01/02,no result,"Saxton Oval, Nelson"
2016,New Zealand,Sri Lanka,2016/01/05,New Zealand,"Bay Oval, Mount Maunganui"
2016,Australia,India,2016/01/12,Australia,"W.A.C.A. Ground, Perth"
2016,Australia,India,2016/01/15,Australia,"The Gabba, Brisbane"
2016,Australia,India,2016/01/17,Australia,"Melbourne Cricket Ground, Melbourne"
2016,Australia,India,2016/01/20,Australia,"Manuka Oval, Canberra"
2016,Australia,India,2016/01/23,India,"Sydney Cricket Ground, Sydney"
2016,New Zealand,Pakistan,2016/01/25,New Zealand,"Sky Stadium, Wellington"
2016,New Zealand,Pakistan,2016/01/31,New Zealand,"Eden Park, Auckland"
2016,New Zealand,Australia,2016/02/03,New Zealand,"Eden Park, Auckland"
2016,South Africa,England,2016/02/03,England,"Mangaung Oval, Bloemfontein"
2016,New Zealand,Australia,2016/02/06,Australia,"Sky Stadium, Wellington"
2016,South Africa,England,2016/02/06,England,"St George's Park, Gqeberha"
2016,New Zealand,Australia,2016/02/08,New Zealand,"Seddon Park, Hamilton"
2016,South Africa,England,2016/02/09,South Africa,"SuperSport Park, Centurion"
2016,South Africa,England,2016/02/12,South Africa,"The Wanderers Stadium, Johannesburg"
2016,South Africa,England,2016/02/14,South Africa,"Newlands, Cape Town"
2016,Australia,South Africa,2016/06/07,South Africa,"Providence Stadium, Providence"
2016,Australia,South Africa,2016/06/11,Australia,"Basseterre, Basseterre"
2016,Australia,South Africa,2016/06/19,no result,"Kensington Oval, Bridgetown"
2016,England,Sri Lanka,2016/06/21,tied,"Trent Bridge, Nottingham"
2016,England,Sri Lanka,2016/06/24,England,"Edgbaston, Birmingham"
2016,England,Sri Lanka,2016/06/26,no result,"County Ground, Bristol"
2016,England,Sri Lanka,2016/06/29,England,"The Oval, Surrey"
2016,England,Sri Lanka,2016/07/02,England,"Sophia Gardens, Cardiff"
2016,Sri Lanka,Australia,2016/08/21,Australia,"R.Premadasa Stadium, Colombo"
2016,Sri Lanka,Australia,2016/08/24,Sri Lanka,"R.Premadasa Stadium, Colombo"
2016,England,Pakistan,2016/08/24,England,"County Ground, Southampton"
2016,England,Pakistan,2016/08/27,England,"Lord's, London"
2016,Sri Lanka,Australia,2016/08/28,Australia,Dambulla
2016,England,Pakistan,2016/08/30,England,"Trent Bridge, Nottingham"
2016,Sri Lanka,Australia,2016/08/31,Australia,Dambulla
2016,England,Pakistan,2016/09/01,England,"Headingley, Leeds"
2016,Sri Lanka,Australia,2016/09/04,Australia,"Pallekele International Cricket Stadium, Pallekele"
2016,England,Pakistan,2016/09/04,Pakistan,"Sophia Gardens, Cardiff"
2016,Bangladesh,Afghanistan,2016/09/25,Bangladesh,"Mirpur Stadium, Mirpur"
2016,Bangladesh,Afghanistan,2016/09/28,Afghanistan,"Mirpur Stadium, Mirpur"
2016,South Africa,Australia,2016/09/30,South Africa,"SuperSport Park, Centurion"
2016,Bangladesh,Afghanistan,2016/10/01,Bangladesh,"Mirpur Stadium, Mirpur"
2016,South Africa,Australia,2016/10/02,South Africa,"The Wanderers Stadium, Johannesburg"
2016,South Africa,Australia,2016/10/05,South Africa,"Kingsmead, Durban"
2016,Bangladesh,England,2016/10/07,England,"Mirpur Stadium, Mirpur"
2016,South Africa,Australia,2016/10/09,South Africa,"St George's Park, Gqeberha"
2016,Bangladesh,England,2016/10/09,Bangladesh,"Mirpur Stadium, Mirpur"
2016,Bangladesh,England,2016/10/12,England,"Zahur Ahmed Chowdhury Stadium, Chattogram"
2016,South Africa,Australia,2016/10/12,South Africa,"Newlands, Cape Town"
2016,India,New Zealand,2016/10/16,India,"Himachal Pradesh Cricket Association Stadium, Dharamsala"
2016,India,New Zealand,2016/10/20,New Zealand,"Arun Jaitley Stadium, Delhi"
2016,India,New Zealand,2016/10/23,India,"Punjab Cricket Association IS Bindra Stadium, Mohali"
2016,India,New Zealand,2016/10/26,New Zealand,"JSCA International Stadium, Ranchi"
2016,India,New Zealand,2016/10/29,India,"ACA-VDCA, Visakhapatnam"
2016,Australia,New Zealand,2016/12/04,Australia,"Sydney Cricket Ground, Sydney"
2016,Australia,New Zealand,2016/12/06,Australia,"Manuka Oval, Canberra"
2016,Australia,New Zealand,2016/12/09,Australia,"Melbourne Cricket Ground, Melbourne"
2016,New Zealand,Bangladesh,2016/12/26,New Zealand,"Hagley Oval, Christchurch"
2016,New Zealand,Bangladesh,2016/12/29,New Zealand,"Saxton Oval, Nelson"
2016,New Zealand,Bangladesh,2016/12/31,New Zealand,"Saxton Oval, Nelson"
