team1,team2,winner,Venue,date,season
New Zealand,Sri Lanka,New Zealand,"Bay Oval, Mount Maunganui",2019/01/03,2019
New Zealand,Sri Lanka,New Zealand,"Bay Oval, Mount Maunganui",2019/01/04,2019
New Zealand,Sri Lanka,New Zealand,"Saxton Oval, Nelson",2019/01/05,2019
Australia,India,Australia,"Sydney Cricket Ground, Sydney",2019/01/06,2019
Australia,India,India,"Adelaide Oval, Adelaide",2019/01/07,2019
Australia,India,India,"Melbourne Cricket Ground, Melbourne",2019/01/08,2019
South Africa,Pakistan,Pakistan,"St George's Park, Gqeberha",2019/01/09,2019
South Africa,Pakistan,South Africa,"Kingsmead, Durban",2019/01/10,2019
New Zealand,India,India,"McLean Park, Napier",2019/01/11,2019
U.A.E.,Nepal,U.A.E.,"ICCA, Dubai",2019/01/12,2019
South Africa,Pakistan,South Africa,"SuperSport Park, Centurion",2019/01/13,2019
New Zealand,India,India,"Bay Oval, Mount Maunganui",2019/01/14,2019
U.A.E.,Nepal,Nepal,"ICCA, Dubai",2019/01/15,2019
South Africa,Pakistan,Pakistan,"The Wanderers Stadium, Johannesburg",2019/01/16,2019
New Zealand,India,India,"Bay Oval, Mount Maunganui",2019/01/17,2019
U.A.E.,Nepal,Nepal,"ICCA, Dubai",2019/01/18,2019
South Africa,Pakistan,South Africa,"Newlands, Cape Town",2019/01/19,2019
New Zealand,India,New Zealand,"Seddon Park, Hamilton",2019/01/20,2019
New Zealand,India,India,"Sky Stadium, Wellington",2019/01/21,2019
New Zealand,Bangladesh,New Zealand,"McLean Park, Napier",2019/02/13,2019
New Zealand,Bangladesh,New Zealand,"Hagley Oval, Christchurch",2019/02/16,2019
New Zealand,Bangladesh,New Zealand,"University Oval, Dunedin",2019/02/20,2019
West Indies,England,England,"Kensington Oval, Bridgetown",2019/02/20,2019
West Indies,England,West Indies,"Kensington Oval, Bridgetown",2019/02/22,2019
West Indies,England,no result,"St George's Park, Gqeberha",2019/02/25,2019
West Indies,England,England,"St George's Park, Gqeberha",2019/02/27,2019
Afghanistan,Ireland,Afghanistan,"Rajiv Gandhi International Cricket Stadium, Dehradun",2019/02/28,2019
Afghanistan,Ireland,no result,"Rajiv Gandhi International Cricket Stadium, Dehradun",2019/03/02,2019
India,Australia,India,"Rajiv Gandhi International Cricket Stadium, Hyderabad",2019/03/02,2019
West Indies,England,West Indies,"Daren Sammy National Cricket Stadium, Gros Islet",2019/03/02,2019
South Africa,Sri Lanka,South Africa,"The Wanderers Stadium, Johannesburg",2019/03/03,2019
Afghanistan,Ireland,Ireland,"Rajiv Gandhi International Cricket Stadium, Dehradun",2019/03/05,2019
India,Australia,India,"Vidarbha Cricket Association Stadium, Nagpur",2019/03/05,2019
South Africa,Sri Lanka,South Africa,"SuperSport Park, Centurion",2019/03/06,2019
Afghanistan,Ireland,Afghanistan,"Rajiv Gandhi International Cricket Stadium, Dehradun",2019/03/08,2019
India,Australia,Australia,"JSCA International Stadium, Ranchi",2019/03/08,2019
Afghanistan,Ireland,Ireland,"Rajiv Gandhi International Cricket Stadium, Dehradun",2019/03/10,2019
India,Australia,Australia,"Punjab Cricket Association IS Bindra Stadium, Mohali",2019/03/10,2019
South Africa,Sri Lanka,South Africa,"Kingsmead, Durban",2019/03/10,2019
India,Australia,Australia,"Arun Jaitley Stadium, Delhi",2019/03/13,2019
South Africa,Sri Lanka,South Africa,"St George's Park, Gqeberha",2019/03/13,2019
South Africa,Sri Lanka,South Africa,"Newlands, Cape Town",2019/03/16,2019
Australia,Pakistan,Australia,"Sharjah Cricket Stadium, Sharjah",2019/03/22,2019
Australia,Pakistan,Australia,"Sharjah Cricket Stadium, Sharjah",2019/03/24,2019
Australia,Pakistan,Australia,"Sheikh Zayed Cricket Stadium, Abu Dhabi",2019/03/27,2019
Australia,Pakistan,Australia,"DSC, Dubai",2019/03/29,2019
Australia,Pakistan,Australia,"DSC, Dubai",2019/03/31,2019
Zimbabwe,U.A.E.,Zimbabwe,"Harare Sports Club, Harare",2019/04/01,2019
Zimbabwe,U.A.E.,Zimbabwe,"Harare Sports Club, Harare",2019/04/02,2019
Zimbabwe,U.A.E.,Zimbabwe,"Harare Sports Club, Harare",2019/04/03,2019
Zimbabwe,U.A.E.,Zimbabwe,"Harare Sports Club, Harare",2019/04/04,2019
Namibia,Oman,Namibia,"Wanderers Cricket Ground, Windhoek",2019/04/05,2019
P.N.G.,U.S.A.,P.N.G.,"Wanderers Cricket Ground, Windhoek",2019/04/06,2019
Ireland,England,England,"Malahide, Dublin",2019/04/07,2019
Ireland,West Indies,West Indies,"Malahide, Dublin",2019/04/08,2019
Bangladesh,West Indies,Bangladesh,"Malahide, Dublin",2019/04/09,2019
England,Pakistan,no result,"The Oval, Surrey",2019/04/10,2019
Scotland,Afghanistan,Afghanistan,"Grange Cricket Club, Edinburgh",2019/05/10,2019
Ireland,West Indies,West Indies,"Malahide, Dublin",2019/05/11,2019
England,Pakistan,England,"County Ground, Southampton",2019/05/11,2019
Bangladesh,West Indies,Bangladesh,"Malahide, Dublin",2019/05/13,2019
England,Pakistan,England,"County Ground, Bristol",2019/05/14,2019
Ireland,Bangladesh,Bangladesh,"Malahide, Dublin",2019/05/15,2019
Bangladesh,West Indies,Bangladesh,"Malahide, Dublin",2019/05/17,2019
England,Pakistan,England,"Trent Bridge, Nottingham",2019/05/17,2019
Ireland,Afghanistan,Ireland,"Stormont, Belfast",2019/05/19,2019
England,Pakistan,England,"Headingley, Leeds",2019/05/19,2019
Ireland,Afghanistan,Afghanistan,"Stormont, Belfast",2019/05/21,2019
Scotland,Sri Lanka,Sri Lanka,"Grange Cricket Club, Edinburgh",2019/05/21,2019
England,South Africa,England,"The Oval, Surrey",2019/05/30,2019
Pakistan,West Indies,West Indies,"Trent Bridge, Nottingham",2019/05/31,2019
New Zealand,Sri Lanka,New Zealand,"Sophia Gardens, Cardiff",2019/06/01,2019
Afghanistan,Australia,Australia,"County Ground, Bristol",2019/06/01,2019
Bangladesh,South Africa,Bangladesh,"The Oval, Surrey",2019/06/02,2019
England,Pakistan,Pakistan,"Trent Bridge, Nottingham",2019/06/03,2019
Afghanistan,Sri Lanka,Sri Lanka,"Sophia Gardens, Cardiff",2019/06/04,2019
India,South Africa,India,"County Ground, Southampton",2019/06/05,2019
Bangladesh,New Zealand,New Zealand,"The Oval, Surrey",2019/06/05,2019
Australia,West Indies,Australia,"Trent Bridge, Nottingham",2019/06/06,2019
England,Bangladesh,England,"Sophia Gardens, Cardiff",2019/06/08,2019
Afghanistan,New Zealand,New Zealand,"The Cooper Associates County Ground, Taunton",2019/06/08,2019
Australia,India,India,"The Oval, Surrey",2019/06/09,2019
South Africa,West Indies,no result,"County Ground, Southampton",2019/06/10,2019
Australia,Pakistan,Australia,"The Cooper Associates County Ground, Taunton",2019/06/12,2019
England,West Indies,England,"County Ground, Southampton",2019/06/14,2019
Australia,Sri Lanka,Australia,"The Oval, Surrey",2019/06/15,2019
Afghanistan,South Africa,South Africa,"Sophia Gardens, Cardiff",2019/06/15,2019
India,Pakistan,India,"Emirates Old Trafford, Manchester",2019/06/16,2019
Bangladesh,West Indies,Bangladesh,"The Cooper Associates County Ground, Taunton",2019/06/17,2019
England,Afghanistan,England,"Emirates Old Trafford, Manchester",2019/06/18,2019
Netherlands,Zimbabwe,Netherlands,"Sportpark Het, Deventer",2019/06/19,2019
New Zealand,South Africa,New Zealand,"Edgbaston, Birmingham",2019/06/19,2019
Australia,Bangladesh,Australia,"Trent Bridge, Nottingham",2019/06/20,2019
Netherlands,Zimbabwe,Netherlands,"Sportpark Het, Deventer",2019/06/21,2019
England,Sri Lanka,Sri Lanka,"Headingley, Leeds",2019/06/21,2019
Afghanistan,India,India,"County Ground, Southampton",2019/06/22,2019
New Zealand,West Indies,New Zealand,"Emirates Old Trafford, Manchester",2019/06/22,2019
Pakistan,South Africa,Pakistan,"Lord's, London",2019/06/23,2019
Afghanistan,Bangladesh,Bangladesh,"County Ground, Southampton",2019/06/24,2019
England,Australia,Australia,"Lord's, London",2019/06/25,2019
New Zealand,Pakistan,Pakistan,"Edgbaston, Birmingham",2019/06/26,2019
India,West Indies,India,"Emirates Old Trafford, Manchester",2019/06/27,2019
South Africa,Sri Lanka,South Africa,"Riverside Ground, Chester-le-Street",2019/06/28,2019
Afghanistan,Pakistan,Pakistan,"Headingley, Leeds",2019/06/29,2019
Australia,New Zealand,Australia,"Lord's, London",2019/06/29,2019
England,India,England,"Edgbaston, Birmingham",2019/06/30,2019
Sri Lanka,West Indies,Sri Lanka,"Riverside Ground, Chester-le-Street",2019/07/01,2019
Ireland,Zimbabwe,Ireland,"Bready Cricket Club, Bready",2019/07/01,2019
Bangladesh,India,India,"Edgbaston, Birmingham",2019/07/02,2019
England,New Zealand,England,"Riverside Ground, Chester-le-Street",2019/07/03,2019
Afghanistan,West Indies,West Indies,"Headingley, Leeds",2019/07/04,2019
Ireland,Zimbabwe,Ireland,"Stormont, Belfast",2019/07/04,2019
Bangladesh,Pakistan,Pakistan,"Lord's, London",2019/07/05,2019
India,Sri Lanka,India,"Headingley, Leeds",2019/07/06,2019
Australia,South Africa,South Africa,"Emirates Old Trafford, Manchester",2019/07/06,2019
Ireland,Zimbabwe,Ireland,"Stormont, Belfast",2019/07/07,2019
India,New Zealand,New Zealand,"Emirates Old Trafford, Manchester",2019/07/09,2019
England,Australia,England,"Edgbaston, Birmingham",2019/07/11,2019
England,New Zealand,tied,"Lord's, London",2019/07/14,2019
Sri Lanka,Bangladesh,Sri Lanka,"R.Premadasa Stadium, Colombo",2019/07/26,2019
Sri Lanka,Bangladesh,Sri Lanka,"R.Premadasa Stadium, Colombo",2019/07/28,2019
Sri Lanka,Bangladesh,Sri Lanka,"R.Premadasa Stadium, Colombo",2019/07/31,2019
West Indies,India,no result,"Providence Stadium, Providence",2019/08/08,2019
West Indies,India,India,"Port of spain, spain",2019/08/11,2019
Oman,P.N.G.,Oman,"Mannofield Park, Aberdeen",2019/08/14,2019
West Indies,India,India,"Port of spain, spain",2019/08/14,2019
Scotland,Oman,Oman,"Mannofield Park, Aberdeen",2019/08/15,2019
Scotland,P.N.G.,Scotland,"Mannofield Park, Aberdeen",2019/08/17,2019
Scotland,Oman,Scotland,"Mannofield Park, Aberdeen",2019/08/18,2019
Scotland,P.N.G.,Scotland,"Mannofield Park, Aberdeen",2019/08/20,2019
Oman,P.N.G.,Oman,"Mannofield Park, Aberdeen",2019/08/21,2019
U.S.A.,P.N.G.,U.S.A.,"Central Broward, Lauderhill",2019/09/13,2019
U.S.A.,Namibia,U.S.A.,"Central Broward, Lauderhill",2019/09/17,2019
U.S.A.,P.N.G.,U.S.A.,"Central Broward, Lauderhill",2019/09/19,2019
U.S.A.,Namibia,Namibia,"Central Broward, Lauderhill",2019/09/20,2019
Namibia,P.N.G.,Namibia,"Central Broward, Lauderhill",2019/09/22,2019
Namibia,P.N.G.,Namibia,"Central Broward, Lauderhill",2019/09/23,2019
Pakistan,Sri Lanka,Pakistan,"National Stadium, Karachi",2019/09/30,2019
Pakistan,Sri Lanka,Pakistan,"National Stadium, Karachi",2019/10/02,2019
Afghanistan,West Indies,West Indies,"Bharat Ratna Shri Atal Bihari Vajpayee Ekana Cricket Stadium, Lucknow",2019/11/06,2019
Afghanistan,West Indies,West Indies,"Bharat Ratna Shri Atal Bihari Vajpayee Ekana Cricket Stadium, Lucknow",2019/11/09,2019
Afghanistan,West Indies,West Indies,"Bharat Ratna Shri Atal Bihari Vajpayee Ekana Cricket Stadium, Lucknow",2019/11/11,2019
U.A.E.,U.S.A.,U.S.A.,"Sharjah Cricket Stadium, Sharjah",2019/12/08,2019
Scotland,U.S.A.,U.S.A.,"Sharjah Cricket Stadium, Sharjah",2019/12/09,2019
U.A.E.,U.S.A.,U.S.A.,"ICCA, Dubai",2019/12/12,2019
Scotland,U.S.A.,Scotland,"ICCA, Dubai",2019/12/14,2019
U.A.E.,Scotland,U.A.E.,"ICCA, Dubai",2019/12/15,2019
India,West Indies,West Indies,"MA Chidambaram Stadium, Chennai",2019/12/15,2019
India,West Indies,India,"ACA-VDCA, Visakhapatnam",2019/12/18,2019
India,West Indies,India,"Barabati Stadium, Cuttack",2019/12/22,2019
Oman,U.A.E.,Oman,"Al Amerat Cricket Stadium,  Al Amerat",2020/01/05,2020
Namibia,U.A.E.,U.A.E.,"Al Amerat Cricket Stadium,  Al Amerat",2020/01/06,2020
West Indies,Ireland,West Indies,"Kensington Oval, Bridgetown",2020/01/07,2020
Oman,Namibia,Namibia,"Al Amerat Cricket Stadium,  Al Amerat",2020/01/08,2020
Namibia,U.A.E.,U.A.E.,"Al Amerat Cricket Stadium,  Al Amerat",2020/01/09,2020
West Indies,Ireland,West Indies,"Kensington Oval, Bridgetown",2020/01/09,2020
West Indies,Ireland,West Indies,"St George's Park, Gqeberha",2020/01/12,2020
India,Australia,Australia,"Wankhede Stadium, Mumbai",2020/01/14,2020
India,Australia,India,"Saurashtra Cricket Association Stadium, Rajkot",2020/01/17,2020
India,Australia,India,"M.Chinnaswamy Stadium, Bengaluru",2020/01/19,2020
South Africa,England,South Africa,"Newlands, Cape Town",2020/02/04,2020
New Zealand,India,New Zealand,"Seddon Park, Hamilton",2020/02/05,2020
Nepal,Oman,Oman,"TU, Kirtipur",2020/02/05,2020
Oman,U.S.A.,Oman,"TU, Kirtipur",2020/02/06,2020
South Africa,England,no result,"Kingsmead, Durban",2020/02/07,2020
New Zealand,India,New Zealand,"Eden Park, Auckland",2020/02/08,2020
Nepal,U.S.A.,Nepal,"TU, Kirtipur",2020/02/08,2020
Nepal,Oman,Oman,"TU, Kirtipur",2020/02/09,2020
South Africa,England,England,"The Wanderers Stadium, Johannesburg",2020/02/09,2020
New Zealand,India,New Zealand,"Bay Oval, Mount Maunganui",2020/02/11,2020
Oman,U.S.A.,Oman,"TU, Kirtipur",2020/02/11,2020
Nepal,U.S.A.,Nepal,"TU, Kirtipur",2020/02/12,2020
Sri Lanka,West Indies,Sri Lanka,"R.Premadasa Stadium, Colombo",2020/02/22,2020
Sri Lanka,West Indies,Sri Lanka,"Mahinda Rajapaksa International Stadium, Hambantota",2020/02/26,2020
South Africa,Australia,South Africa,"Boland Park, Paarl",2020/02/29,2020
Bangladesh,Zimbabwe,Bangladesh,"Sylhet Stadium, Sylhet",2020/03/01,2020
Sri Lanka,West Indies,Sri Lanka,"Pallekele International Cricket Stadium, Pallekele",2020/03/01,2020
Bangladesh,Zimbabwe,Bangladesh,"Sylhet Stadium, Sylhet",2020/03/03,2020
South Africa,Australia,South Africa,"Mangaung Oval, Bloemfontein",2020/03/04,2020
Bangladesh,Zimbabwe,Bangladesh,"Sylhet Stadium, Sylhet",2020/03/06,2020
South Africa,Australia,South Africa,"Senwes Park, Potchefstroom",2020/03/07,2020
Australia,New Zealand,Australia,"Sydney Cricket Ground, Sydney",2020/03/13,2020
England,Ireland,England,"County Ground, Southampton",2020/07/30,2020
England,Ireland,England,"County Ground, Southampton",2020/08/01,2020
England,Ireland,Ireland,"County Ground, Southampton",2020/08/04,2020
England,Australia,Australia,"Emirates Old Trafford, Manchester",2020/09/11,2020
England,Australia,England,"Emirates Old Trafford, Manchester",2020/09/13,2020
England,Australia,Australia,"Emirates Old Trafford, Manchester",2020/09/16,2020
Pakistan,Zimbabwe,Pakistan,"Rawalpindi Stadium, Rawalpindi",2020/10/30,2020
Pakistan,Zimbabwe,Pakistan,"Rawalpindi Stadium, Rawalpindi",2020/11/01,2020
Pakistan,Zimbabwe,tied,"Rawalpindi Stadium, Rawalpindi",2020/11/03,2020
Australia,India,Australia,"Sydney Cricket Ground, Sydney",2020/11/27,2020
Australia,India,Australia,"Sydney Cricket Ground, Sydney",2020/11/29,2020
Australia,India,India,"Manuka Oval, Canberra",2020/12/02,2020
U.A.E.,Ireland,U.A.E.,"Sheikh Zayed Cricket Stadium, Abu Dhabi",2021/01/08,2021
U.A.E.,Ireland,Ireland,"Sheikh Zayed Cricket Stadium, Abu Dhabi",2021/01/18,2021
Bangladesh,West Indies,Bangladesh,"Mirpur Stadium, Mirpur",2021/01/20,2021
Afghanistan,Ireland,Afghanistan,"Sheikh Zayed Cricket Stadium, Abu Dhabi",2021/01/21,2021
Bangladesh,West Indies,Bangladesh,"Mirpur Stadium, Mirpur",2021/01/22,2021
Afghanistan,Ireland,Afghanistan,"Sheikh Zayed Cricket Stadium, Abu Dhabi",2021/01/24,2021
Bangladesh,West Indies,Bangladesh,"Zahur Ahmed Chowdhury Stadium, Chattogram",2021/01/25,2021
Afghanistan,Ireland,Afghanistan,"Sheikh Zayed Cricket Stadium, Abu Dhabi",2021/01/26,2021
West Indies,Sri Lanka,West Indies,"SVR, North Sound",2021/03/10,2021
West Indies,Sri Lanka,West Indies,"SVR, North Sound",2021/03/12,2021
West Indies,Sri Lanka,West Indies,"SVR, North Sound",2021/03/14,2021
New Zealand,Bangladesh,New Zealand,"University Oval, Dunedin",2021/03/20,2021
New Zealand,Bangladesh,New Zealand,"Hagley Oval, Christchurch",2021/03/23,2021
India,England,India,"Maharashtra Cricket Association Stadium, Pune",2021/03/23,2021
New Zealand,Bangladesh,New Zealand,"Sky Stadium, Wellington",2021/03/26,2021
India,England,England,"Maharashtra Cricket Association Stadium, Pune",2021/03/26,2021
India,England,India,"Maharashtra Cricket Association Stadium, Pune",2021/03/28,2021
South Africa,Pakistan,Pakistan,"SuperSport Park, Centurion",2021/04/02,2021
South Africa,Pakistan,South Africa,"The Wanderers Stadium, Johannesburg",2021/04/04,2021
South Africa,Pakistan,Pakistan,"SuperSport Park, Centurion",2021/04/07,2021
Netherlands,Scotland,Netherlands,"Hazelaarweg Stadion , Rotterdam",2021/05/19,2021
Netherlands,Scotland,Scotland,"Hazelaarweg Stadion , Rotterdam",2021/05/20,2021
Bangladesh,Sri Lanka,Bangladesh,"Mirpur Stadium, Mirpur",2021/05/23,2021
Bangladesh,Sri Lanka,Bangladesh,"Mirpur Stadium, Mirpur",2021/05/25,2021
Bangladesh,Sri Lanka,Sri Lanka,"Mirpur Stadium, Mirpur",2021/05/28,2021
Netherlands,Ireland,Netherlands,"Sportpark Maarschalkerweerd, Utrecht",2021/06/02,2021
Netherlands,Ireland,Ireland,"Sportpark Maarschalkerweerd, Utrecht",2021/06/04,2021
Netherlands,Ireland,Netherlands,"Sportpark Maarschalkerweerd, Utrecht",2021/06/07,2021
England,Sri Lanka,England,"Riverside Ground, Chester-le-Street",2021/06/29,2021
England,Sri Lanka,England,"The Oval, Surrey",2021/07/01,2021
England,Sri Lanka,no result,"County Ground, Bristol",2021/07/04,2021
England,Pakistan,England,"Sophia Gardens, Cardiff",2021/07/08,2021
England,Pakistan,England,"Lord's, London",2021/07/10,2021
Ireland,South Africa,no result,"Malahide, Dublin",2021/07/11,2021
Ireland,South Africa,Ireland,"Malahide, Dublin",2021/07/13,2021
England,Pakistan,England,"Edgbaston, Birmingham",2021/07/13,2021
Zimbabwe,Bangladesh,Bangladesh,"Harare Sports Club, Harare",2021/07/16,2021
Ireland,South Africa,South Africa,"Malahide, Dublin",2021/07/16,2021
Zimbabwe,Bangladesh,Bangladesh,"Harare Sports Club, Harare",2021/07/18,2021
Sri Lanka,India,India,"R.Premadasa Stadium, Colombo",2021/07/18,2021
Zimbabwe,Bangladesh,Bangladesh,"Harare Sports Club, Harare",2021/07/20,2021
Sri Lanka,India,India,"R.Premadasa Stadium, Colombo",2021/07/20,2021
West Indies,Australia,Australia,"Kensington Oval, Bridgetown",2021/07/20,2021
West Indies,Australia,West Indies,"Kensington Oval, Bridgetown",2021/07/24,2021
Sri Lanka,India,Sri Lanka,"R.Premadasa Stadium, Colombo",2021/07/23,2021
West Indies,Australia,Australia,"Kensington Oval, Bridgetown",2021/07/26,2021
Sri Lanka,South Africa,Sri Lanka,"R.Premadasa Stadium, Colombo",2021/09/02,2021
Sri Lanka,South Africa,South Africa,"R.Premadasa Stadium, Colombo",2021/09/04,2021
P.N.G.,U.S.A.,U.S.A.,"Al Amerat Cricket Stadium,  Al Amerat",2021/09/06,2021
Nepal,P.N.G.,Nepal,"Al Amerat Cricket Stadium,  Al Amerat",2021/09/07,2021
Sri Lanka,South Africa,Sri Lanka,"R.Premadasa Stadium, Colombo",2021/09/07,2021
Ireland,Zimbabwe,Zimbabwe,"Stormont, Belfast",2021/09/08,2021
P.N.G.,U.S.A.,U.S.A.,"Al Amerat Cricket Stadium,  Al Amerat",2021/09/09,2021
Ireland,Zimbabwe,no result,"Stormont, Belfast",2021/09/10,2021
Nepal,P.N.G.,Nepal,"Al Amerat Cricket Stadium,  Al Amerat",2021/09/10,2021
Ireland,Zimbabwe,Ireland,"Stormont, Belfast",2021/09/13,2021
Nepal,U.S.A.,Nepal,"Al Amerat Cricket Stadium,  Al Amerat",2021/09/13,2021
Oman,Nepal,Oman,"Al Amerat Cricket Stadium,  Al Amerat",2021/09/14,2021
Oman,U.S.A.,Oman,"Al Amerat Cricket Stadium,  Al Amerat",2021/09/16,2021
Nepal,U.S.A.,U.S.A.,"Al Amerat Cricket Stadium,  Al Amerat",2021/09/17,2021
Oman,Nepal,Nepal,"Al Amerat Cricket Stadium,  Al Amerat",2021/09/19,2021
Oman,U.S.A.,Oman,"Al Amerat Cricket Stadium,  Al Amerat",2021/09/20,2021
P.N.G.,Scotland,Scotland,"Al Amerat Cricket Stadium,  Al Amerat",2021/09/25,2021
Oman,P.N.G.,Oman,"Al Amerat Cricket Stadium,  Al Amerat",2021/09/26,2021
Oman,Scotland,Scotland,"Al Amerat Cricket Stadium,  Al Amerat",2021/09/28,2021
P.N.G.,Scotland,Scotland,"Al Amerat Cricket Stadium,  Al Amerat",2021/09/29,2021
Oman,P.N.G.,Oman,"Al Amerat Cricket Stadium,  Al Amerat",2021/10/01,2021
Oman,Scotland,no result,"Al Amerat Cricket Stadium,  Al Amerat",2021/10/02,2021
Namibia,Oman,Namibia,"Wanderers Cricket Ground, Windhoek",2021/11/26,2021
South Africa,Netherlands,no result,"SuperSport Park, Centurion",2021/11/26,2021
Namibia,Oman,Oman,"Wanderers Cricket Ground, Windhoek",2021/11/27,2021
West Indies,Ireland,West Indies,"Sabina Park, Kingston",2022/01/08,2022
West Indies,Ireland,Ireland,"Sabina Park, Kingston",2022/01/13,2022
Sri Lanka,Zimbabwe,Sri Lanka,"Pallekele International Cricket Stadium, Pallekele",2022/01/16,2022
West Indies,Ireland,Ireland,"Sabina Park, Kingston",2022/01/16,2022
Sri Lanka,Zimbabwe,Zimbabwe,"Pallekele International Cricket Stadium, Pallekele",2022/01/18,2022
South Africa,India,South Africa,"Boland Park, Paarl",2022/01/19,2022
Afghanistan,Netherlands,Afghanistan,"West End Park, Doha",2022/01/21,2022
South Africa,India,South Africa,"Boland Park, Paarl",2022/01/21,2022
Sri Lanka,Zimbabwe,Sri Lanka,"Pallekele International Cricket Stadium, Pallekele",2022/01/21,2022
Afghanistan,Netherlands,Afghanistan,"West End Park, Doha",2022/01/23,2022
South Africa,India,South Africa,"Newlands, Cape Town",2022/01/23,2022
Afghanistan,Netherlands,Afghanistan,"West End Park, Doha",2022/01/25,2022
Oman,U.A.E.,U.A.E.,"Al Amerat Cricket Stadium,  Al Amerat",2022/02/05,2022
Oman,U.A.E.,U.A.E.,"Al Amerat Cricket Stadium,  Al Amerat",2022/02/06,2022
India,West Indies,India,"Narendra Modi Stadium A Ground, Ahmedabad",2022/02/06,2022
Oman,U.A.E.,tied,"Al Amerat Cricket Stadium,  Al Amerat",2022/02/08,2022
India,West Indies,India,"Narendra Modi Stadium A Ground, Ahmedabad",2022/02/09,2022
India,West Indies,India,"Narendra Modi Stadium A Ground, Ahmedabad",2022/02/11,2022
Bangladesh,Afghanistan,Bangladesh,"Zahur Ahmed Chowdhury Stadium, Chattogram",2022/02/23,2022
Bangladesh,Afghanistan,Bangladesh,"Zahur Ahmed Chowdhury Stadium, Chattogram",2022/02/25,2022
Bangladesh,Afghanistan,Afghanistan,"Zahur Ahmed Chowdhury Stadium, Chattogram",2022/02/28,2022
U.A.E.,Oman,Oman,"ICCA, Dubai",2022/03/05,2022
Namibia,Oman,Namibia,"ICCA, Dubai",2022/03/06,2022
U.A.E.,Namibia,U.A.E.,"ICCA, Dubai",2022/03/08,2022
U.A.E.,Oman,Oman,"ICCA, Dubai",2022/03/09,2022
Namibia,Oman,Oman,"Sharjah Cricket Stadium, Sharjah",2022/03/11,2022
U.A.E.,Namibia,U.A.E.,"Sharjah Cricket Stadium, Sharjah",2022/03/12,2022
Namibia,Oman,Namibia,"DSC, Dubai",2022/03/14,2022
U.A.E.,P.N.G.,U.A.E.,"Sharjah Cricket Stadium, Sharjah",2022/03/15,2022
Nepal,P.N.G.,Nepal,"Sharjah Cricket Stadium, Sharjah",2022/03/16,2022
U.A.E.,Nepal,U.A.E.,"DSC, Dubai",2022/03/18,2022
South Africa,Bangladesh,Bangladesh,"SuperSport Park, Centurion",2022/03/18,2022
U.A.E.,P.N.G.,P.N.G.,"DSC, Dubai",2022/03/19,2022
South Africa,Bangladesh,South Africa,"The Wanderers Stadium, Johannesburg",2022/03/20,2022
U.A.E.,Nepal,U.A.E.,"DSC, Dubai",2022/03/21,2022
Nepal,P.N.G.,Nepal,"DSC, Dubai",2022/03/22,2022
South Africa,Bangladesh,Bangladesh,"SuperSport Park, Centurion",2022/03/23,2022
Nepal,P.N.G.,P.N.G.,"TU, Kirtipur",2022/03/25,2022
Nepal,P.N.G.,P.N.G.,"TU, Kirtipur",2022/03/26,2022
New Zealand,Netherlands,New Zealand,"Bay Oval, Mount Maunganui",2022/03/29,2022
Pakistan,Australia,Australia,"Gaddafi Stadium, Lahore",2022/03/29,2022
Pakistan,Australia,Pakistan,"Gaddafi Stadium, Lahore",2022/03/31,2022
New Zealand,Netherlands,New Zealand,"Seddon Park, Hamilton",2022/04/02,2022
Pakistan,Australia,Pakistan,"Gaddafi Stadium, Lahore",2022/04/02,2022
New Zealand,Netherlands,New Zealand,"Seddon Park, Hamilton",2022/04/04,2022
P.N.G.,Scotland,Scotland,"DSC, Dubai",2022/04/09,2022
Oman,Scotland,Scotland,"DSC, Dubai",2022/04/10,2022
Oman,P.N.G.,Oman,"DSC, Dubai",2022/04/12,2022
P.N.G.,Scotland,Scotland,"DSC, Dubai",2022/04/13,2022
Oman,Scotland,Scotland,"DSC, Dubai",2022/04/15,2022
Oman,P.N.G.,Oman,"DSC, Dubai",2022/04/16,2022
U.S.A.,Scotland,U.S.A.,"Pearland Stadium, Pearland",2022/05/28,2022
U.S.A.,Scotland,Scotland,"Pearland Stadium, Pearland",2022/05/29,2022
Netherlands,West Indies,West Indies,"VRA Cricket Ground, Amstelveenbb",2022/05/31,2022
Scotland,U.A.E.,Scotland,"Pearland Stadium, Pearland",2022/05/31,2022
U.S.A.,U.A.E.,U.S.A.,"Pearland Stadium, Pearland",2022/06/01,2022
Netherlands,West Indies,West Indies,"VRA Cricket Ground, Amstelveenbb",2022/06/02,2022
Scotland,U.A.E.,U.A.E.,"Pearland Stadium, Pearland",2022/06/03,2022
Zimbabwe,Afghanistan,Afghanistan,"Harare Sports Club, Harare",2022/06/04,2022
Netherlands,West Indies,West Indies,"VRA Cricket Ground, Amstelveenbb",2022/06/04,2022
U.S.A.,U.A.E.,U.A.E.,"Pearland Stadium, Pearland",2022/06/04,2022
Zimbabwe,Afghanistan,Afghanistan,"Harare Sports Club, Harare",2022/06/06,2022
Pakistan,West Indies,Pakistan,"Multan Stadium, Multan",2022/06/08,2022
U.S.A.,Oman,U.S.A.,"Pearland Stadium, Pearland",2022/06/08,2022
Zimbabwe,Afghanistan,Afghanistan,"Harare Sports Club, Harare",2022/06/09,2022
Nepal,Oman,Oman,"Pearland Stadium, Pearland",2022/06/09,2022
Pakistan,West Indies,Pakistan,"Multan Stadium, Multan",2022/06/10,2022
U.S.A.,Nepal,tied,"Pearland Stadium, Pearland",2022/06/11,2022
Pakistan,West Indies,Pakistan,"Multan Stadium, Multan",2022/06/12,2022
U.S.A.,Oman,Oman,"Pearland Stadium, Pearland",2022/06/12,2022
Sri Lanka,Australia,Australia,"Pallekele International Cricket Stadium, Pallekele",2022/06/14,2022
Nepal,Oman,Nepal,"Pearland Stadium, Pearland",2022/06/14,2022
U.S.A.,Nepal,U.S.A.,"Pearland Stadium, Pearland",2022/06/15,2022
Sri Lanka,Australia,Sri Lanka,"Pallekele International Cricket Stadium, Pallekele",2022/06/16,2022
Netherlands,England,England,"VRA Cricket Ground, Amstelveenbb",2022/06/17,2022
Netherlands,England,England,"VRA Cricket Ground, Amstelveenbb",2022/06/19,2022
Sri Lanka,Australia,Sri Lanka,"R.Premadasa Stadium, Colombo",2022/06/19,2022
Sri Lanka,Australia,Sri Lanka,"R.Premadasa Stadium, Colombo",2022/06/21,2022
Netherlands,England,England,"VRA Cricket Ground, Amstelveenbb",2022/06/22,2022
Sri Lanka,Australia,Australia,"R.Premadasa Stadium, Colombo",2022/06/24,2022
Ireland,New Zealand,New Zealand,"Malahide, Dublin",2022/07/10,2022
Scotland,Namibia,Scotland,"Glasgow Stadium, Glasgow",2022/07/10,2022
West Indies,Bangladesh,Bangladesh,"Providence Stadium, Providence",2022/07/10,2022
Namibia,Nepal,Namibia,"Somerset Park, Ayr",2022/07/11,2022
Ireland,New Zealand,New Zealand,"Malahide, Dublin",2022/07/12,2022
England,India,India,"The Oval, Surrey",2022/07/12,2022
Scotland,Nepal,Nepal,"Glasgow Stadium, Glasgow",2022/07/13,2022
West Indies,Bangladesh,Bangladesh,"Providence Stadium, Providence",2022/07/13,2022
Scotland,Namibia,Scotland,"Glasgow Stadium, Glasgow",2022/07/14,2022
England,India,England,"Lord's, London",2022/07/14,2022
Ireland,New Zealand,New Zealand,"Malahide, Dublin",2022/07/15,2022
Namibia,Nepal,Namibia,"Somerset Park, Ayr",2022/07/16,2022
West Indies,Bangladesh,Bangladesh,"Providence Stadium, Providence",2022/07/16,2022
Scotland,Nepal,Scotland,"Glasgow Stadium, Glasgow",2022/07/17,2022
England,India,India,"Emirates Old Trafford, Manchester",2022/07/17,2022
England,South Africa,South Africa,"Riverside Ground, Chester-le-Street",2022/07/19,2022
England,South Africa,England,"Emirates Old Trafford, Manchester",2022/07/22,2022
West Indies,India,India,"Port of spain, spain",2022/07/22,2022
England,South Africa,no result,"Headingley, Leeds",2022/07/24,2022
West Indies,India,India,"Port of spain, spain",2022/07/24,2022
West Indies,India,India,"Port of spain, spain",2022/07/27,2022
Scotland,New Zealand,New Zealand,"Grange Cricket Club, Edinburgh",2022/07/31,2022
Zimbabwe,Bangladesh,Zimbabwe,"Harare Sports Club, Harare",2022/08/05,2022
Zimbabwe,Bangladesh,Zimbabwe,"Harare Sports Club, Harare",2022/08/07,2022
Zimbabwe,Bangladesh,Bangladesh,"Harare Sports Club, Harare",2022/08/10,2022
Scotland,U.A.E.,Scotland,"Mannofield Park, Aberdeen",2022/08/10,2022
U.A.E.,U.S.A.,U.S.A.,"Mannofield Park, Aberdeen",2022/08/11,2022
Scotland,U.S.A.,Scotland,"Mannofield Park, Aberdeen",2022/08/13,2022
Scotland,U.A.E.,Scotland,"Mannofield Park, Aberdeen",2022/08/14,2022
Netherlands,Pakistan,Pakistan,"Hazelaarweg Stadion , Rotterdam",2022/08/16,2022
Scotland,U.S.A.,U.S.A.,"Mannofield Park, Aberdeen",2022/08/17,2022
West Indies,New Zealand,West Indies,"Kensington Oval, Bridgetown",2022/08/17,2022
Zimbabwe,India,India,"Harare Sports Club, Harare",2022/08/18,2022
Netherlands,Pakistan,Pakistan,"Hazelaarweg Stadion , Rotterdam",2022/08/18,2022
West Indies,New Zealand,New Zealand,"Kensington Oval, Bridgetown",2022/08/19,2022
Zimbabwe,India,India,"Harare Sports Club, Harare",2022/08/20,2022
Netherlands,Pakistan,Pakistan,"Hazelaarweg Stadion , Rotterdam",2022/08/21,2022
West Indies,New Zealand,New Zealand,"Kensington Oval, Bridgetown",2022/08/21,2022
Zimbabwe,India,India,"Harare Sports Club, Harare",2022/08/22,2022
Australia,Zimbabwe,Australia,"Riverway Stadium, Townsville",2022/08/28,2022
Australia,Zimbabwe,Australia,"Riverway Stadium, Townsville",2022/08/31,2022
Australia,Zimbabwe,Zimbabwe,"Riverway Stadium, Townsville",2022/09/03,2022
Australia,New Zealand,Australia,"Cairns Stadium, Cairns",2022/09/06,2022
Australia,New Zealand,Australia,"Cairns Stadium, Cairns",2022/09/08,2022
P.N.G.,U.S.A.,tied,"Port Moresby, Moresby",2022/09/11,2022
Australia,New Zealand,Australia,"Cairns Stadium, Cairns",2022/09/11,2022
P.N.G.,U.S.A.,P.N.G.,"Port Moresby, Moresby",2022/09/13,2022
Namibia,U.S.A.,Namibia,"Port Moresby, Moresby",2022/09/15,2022
Namibia,U.S.A.,Namibia,"Port Moresby, Moresby",2022/09/17,2022
P.N.G.,Namibia,Namibia,"Port Moresby, Moresby",2022/09/20,2022
P.N.G.,Namibia,Namibia,"Port Moresby, Moresby",2022/09/21,2022
India,South Africa,South Africa,"Bharat Ratna Shri Atal Bihari Vajpayee Ekana Cricket Stadium, Lucknow",2022/10/06,2022
India,South Africa,India,"JSCA International Stadium, Ranchi",2022/10/09,2022
India,South Africa,India,"Arun Jaitley Stadium, Delhi",2022/10/11,2022
Nepal,U.A.E.,U.A.E.,"TU, Kirtipur",2022/11/14,2022
Nepal,U.A.E.,Nepal,"TU, Kirtipur",2022/11/16,2022
Australia,England,Australia,"Adelaide Oval, Adelaide",2022/11/17,2022
Nepal,U.A.E.,Nepal,"TU, Kirtipur",2022/11/18,2022
Australia,England,Australia,"Sydney Cricket Ground, Sydney",2022/11/19,2022
Namibia,P.N.G.,Namibia,"Wanderers Cricket Ground, Windhoek",2022/11/19,2022
Namibia,U.S.A.,U.S.A.,"Wanderers Cricket Ground, Windhoek",2022/11/20,2022
Australia,England,Australia,"Melbourne Cricket Ground, Melbourne",2022/11/22,2022
P.N.G.,U.S.A.,U.S.A.,"Wanderers Cricket Ground, Windhoek",2022/11/22,2022
Namibia,P.N.G.,Namibia,"Wanderers Cricket Ground, Windhoek",2022/11/23,2022
New Zealand,India,New Zealand,"Eden Park, Auckland",2022/11/25,2022
P.N.G.,U.S.A.,U.S.A.,"Wanderers Cricket Ground, Windhoek",2022/11/25,2022
Sri Lanka,Afghanistan,Afghanistan,"Pallekele International Cricket Stadium, Pallekele",2022/11/25,2022
Namibia,U.S.A.,Namibia,"Wanderers Cricket Ground, Windhoek",2022/11/26,2022
New Zealand,India,no result,"Seddon Park, Hamilton",2022/11/27,2022
Sri Lanka,Afghanistan,no result,"Pallekele International Cricket Stadium, Pallekele",2022/11/27,2022
New Zealand,India,no result,"Hagley Oval, Christchurch",2022/11/30,2022
Sri Lanka,Afghanistan,Sri Lanka,"Pallekele International Cricket Stadium, Pallekele",2022/11/30,2022
Namibia,Scotland,Scotland,"Wanderers Cricket Ground, Windhoek",2022/12/01,2022
Namibia,Nepal,no result,"Wanderers Cricket Ground, Windhoek",2022/12/02,2022
Bangladesh,India,Bangladesh,"Mirpur Stadium, Mirpur",2022/12/04,2022
Nepal,Scotland,Scotland,"Wanderers Cricket Ground, Windhoek",2022/12/04,2022
Namibia,Scotland,Namibia,"Wanderers Cricket Ground, Windhoek",2022/12/05,2022
Bangladesh,India,Bangladesh,"Mirpur Stadium, Mirpur",2022/12/07,2022
Namibia,Nepal,Namibia,"Wanderers Cricket Ground, Windhoek",2022/12/07,2022
Nepal,Scotland,Scotland,"Wanderers Cricket Ground, Windhoek",2022/12/08,2022
Bangladesh,India,India,"Zahur Ahmed Chowdhury Stadium, Chattogram",2022/12/10,2022
Pakistan,New Zealand,Pakistan,"National Stadium, Karachi",2023/01/09,2023
India,Sri Lanka,India,"ASA, Guwahati",2023/01/10,2023
Pakistan,New Zealand,New Zealand,"National Stadium, Karachi",2023/01/11,2023
India,Sri Lanka,India,"Eden Gardens, Kolkata",2023/01/12,2023
Pakistan,New Zealand,New Zealand,"National Stadium, Karachi",2023/01/13,2023
India,Sri Lanka,India,"Greenfield, Thiruvananthapuram",2023/01/15,2023
Zimbabwe,Ireland,Zimbabwe,"Harare Sports Club, Harare",2023/01/18,2023
India,New Zealand,India,"Rajiv Gandhi International Cricket Stadium, Hyderabad",2023/01/18,2023
Zimbabwe,Ireland,Ireland,"Harare Sports Club, Harare",2023/01/21,2023
India,New Zealand,India,"Shaheed Veer Narayan, Raipur",2023/01/21,2023
Zimbabwe,Ireland,no result,"Harare Sports Club, Harare",2023/01/23,2023
India,New Zealand,India,"Indore Stadium, Indore",2023/01/24,2023
South Africa,England,South Africa,"Mangaung Oval, Bloemfontein",2023/01/27,2023
South Africa,England,South Africa,"Mangaung Oval, Bloemfontein",2023/01/29,2023
South Africa,England,England,"Diamond Oval, Kimberley",2023/02/01,2023
Nepal,Namibia,Nepal,"TU, Kirtipur",2023/02/14,2023
Namibia,Scotland,Scotland,"TU, Kirtipur",2023/02/15,2023
Nepal,Scotland,Nepal,"TU, Kirtipur",2023/02/17,2023
Nepal,Namibia,Nepal,"TU, Kirtipur",2023/02/18,2023
Namibia,Scotland,Scotland,"TU, Kirtipur",2023/02/20,2023
Nepal,Scotland,Nepal,"TU, Kirtipur",2023/02/21,2023
U.A.E.,Namibia,U.A.E.,"DSC, Dubai",2023/02/23,2023
U.A.E.,Namibia,Namibia,"DSC, Dubai",2023/02/25,2023
Nepal,P.N.G.,Nepal,"DSC, Dubai",2023/02/27,2023
U.A.E.,P.N.G.,P.N.G.,"DSC, Dubai",2023/02/28,2023
Bangladesh,England,England,"Mirpur Stadium, Mirpur",2023/03/01,2023
U.A.E.,Nepal,U.A.E.,"DSC, Dubai",2023/03/02,2023
Nepal,P.N.G.,Nepal,"DSC, Dubai",2023/03/03,2023
Bangladesh,England,England,"Mirpur Stadium, Mirpur",2023/03/03,2023
U.A.E.,P.N.G.,P.N.G.,"DSC, Dubai",2023/03/05,2023
U.A.E.,Nepal,Nepal,"DSC, Dubai",2023/03/06,2023
Bangladesh,England,Bangladesh,"Zahur Ahmed Chowdhury Stadium, Chattogram",2023/03/06,2023
Nepal,P.N.G.,Nepal,"TU, Kirtipur",2023/03/09,2023
P.N.G.,U.A.E.,P.N.G.,"TU, Kirtipur",2023/03/10,2023
Nepal,U.A.E.,Nepal,"TU, Kirtipur",2023/03/12,2023
Nepal,P.N.G.,Nepal,"TU, Kirtipur",2023/03/13,2023
P.N.G.,U.A.E.,U.A.E.,"TU, Kirtipur",2023/03/15,2023
Nepal,U.A.E.,Nepal,"TU, Kirtipur",2023/03/16,2023
India,Australia,India,"Wankhede Stadium, Mumbai",2023/03/17,2023
Bangladesh,Ireland,Bangladesh,"Sylhet Stadium, Sylhet",2023/03/18,2023
South Africa,West Indies,West Indies,"Buffalo Park, East London",2023/03/18,2023
India,Australia,Australia,"ACA-VDCA, Visakhapatnam",2023/03/19,2023
Bangladesh,Ireland,no result,"Sylhet Stadium, Sylhet",2023/03/20,2023
Zimbabwe,Netherlands,Netherlands,"Harare Sports Club, Harare",2023/03/21,2023
South Africa,West Indies,South Africa,"Senwes Park, Potchefstroom",2023/03/21,2023
India,Australia,Australia,"MA Chidambaram Stadium, Chennai",2023/03/22,2023
Zimbabwe,Netherlands,Zimbabwe,"Harare Sports Club, Harare",2023/03/23,2023
Bangladesh,Ireland,Bangladesh,"Sylhet Stadium, Sylhet",2023/03/23,2023
New Zealand,Sri Lanka,New Zealand,"Eden Park, Auckland",2023/03/25,2023
Zimbabwe,Netherlands,Zimbabwe,"Harare Sports Club, Harare",2023/03/25,2023
Namibia,U.S.A.,U.S.A.,"Wanderers Cricket Ground, Windhoek",2023/03/26,2023
P.N.G.,U.A.E.,U.A.E.,"Wanderers Cricket Ground, Windhoek",2023/03/27,2023
Canada,Jersey,Canada,"Wanderers Cricket Ground, Windhoek",2023/03/27,2023
Canada,U.S.A.,Canada,"Wanderers Cricket Ground, Windhoek",2023/03/29,2023
Namibia,P.N.G.,Namibia,"Wanderers Cricket Ground, Windhoek",2023/03/29,2023
Namibia,Jersey,Namibia,"Wanderers Cricket Ground, Windhoek",2023/03/30,2023
U.A.E.,U.S.A.,U.S.A.,"Wanderers Cricket Ground, Windhoek",2023/03/30,2023
New Zealand,Sri Lanka,New Zealand,"Seddon Park, Hamilton",2023/03/31,2023
South Africa,Netherlands,South Africa,"Willowmoore Park, Benoni",2023/03/31,2023
Canada,U.A.E.,U.A.E.,"Wanderers Cricket Ground, Windhoek",2023/04/01,2023
Jersey,P.N.G.,Jersey,"Wanderers Cricket Ground, Windhoek",2023/04/01,2023
P.N.G.,U.S.A.,U.S.A.,"Wanderers Cricket Ground, Windhoek",2023/04/02,2023
Namibia,U.A.E.,U.A.E.,"Wanderers Cricket Ground, Windhoek",2023/04/02,2023
South Africa,Netherlands,South Africa,"The Wanderers Stadium, Johannesburg",2023/04/02,2023
Namibia,Canada,Namibia,"Wanderers Cricket Ground, Windhoek",2023/04/04,2023
Jersey,U.S.A.,U.S.A.,"Wanderers Cricket Ground, Windhoek",2023/04/04,2023
Jersey,U.A.E.,U.A.E.,"Wanderers Cricket Ground, Windhoek",2023/04/05,2023
Canada,P.N.G.,Canada,"Wanderers Cricket Ground, Windhoek",2023/04/05,2023
Nepal,Oman,Nepal,"TU, Kirtipur",2023/04/21,2023
Pakistan,New Zealand,Pakistan,"Rawalpindi Stadium, Rawalpindi",2023/04/27,2023
Oman,U.A.E.,U.A.E.,"Mulpani Stadium, Mulpani",2023/04/29,2023
Pakistan,New Zealand,Pakistan,"Rawalpindi Stadium, Rawalpindi",2023/04/29,2023
Nepal,U.A.E.,Nepal,"TU, Kirtipur",2023/05/01,2023
Pakistan,New Zealand,Pakistan,"National Stadium, Karachi",2023/05/03,2023
Pakistan,New Zealand,Pakistan,"National Stadium, Karachi",2023/05/05,2023
Pakistan,New Zealand,New Zealand,"National Stadium, Karachi",2023/05/07,2023
Bangladesh,Ireland,no result,"County Ground, Chelmsford",2023/05/09,2023
Bangladesh,Ireland,Bangladesh,"County Ground, Chelmsford",2023/05/12,2023
Bangladesh,Ireland,Bangladesh,"County Ground, Chelmsford",2023/05/14,2023
Sri Lanka,Afghanistan,Afghanistan,"Mahinda Rajapaksa International Stadium, Hambantota",2023/06/02,2023
Sri Lanka,Afghanistan,Sri Lanka,"Mahinda Rajapaksa International Stadium, Hambantota",2023/06/04,2023
U.A.E.,West Indies,West Indies,"Sharjah Cricket Stadium, Sharjah",2023/06/04,2023
U.A.E.,West Indies,West Indies,"Sharjah Cricket Stadium, Sharjah",2023/06/06,2023
Sri Lanka,Afghanistan,Sri Lanka,"Mahinda Rajapaksa International Stadium, Hambantota",2023/06/07,2023
U.A.E.,West Indies,West Indies,"Sharjah Cricket Stadium, Sharjah",2023/06/09,2023
Zimbabwe,Nepal,Zimbabwe,"Harare Sports Club, Harare",2023/06/18,2023
U.S.A.,West Indies,West Indies,"Harare Sports Club, Harare",2023/06/18,2023
Sri Lanka,U.A.E.,Sri Lanka,"Queens Sports Club, Bulawayo",2023/06/19,2023
Ireland,Oman,Oman,"Queens Sports Club, Bulawayo",2023/06/19,2023
Zimbabwe,Netherlands,Zimbabwe,"Harare Sports Club, Harare",2023/06/20,2023
Nepal,U.S.A.,Nepal,"Harare Sports Club, Harare",2023/06/20,2023
Ireland,Scotland,Scotland,"Queens Sports Club, Bulawayo",2023/06/21,2023
Oman,U.A.E.,Oman,"Queens Sports Club, Bulawayo",2023/06/21,2023
Nepal,West Indies,West Indies,"Harare Sports Club, Harare",2023/06/22,2023
Netherlands,U.S.A.,Netherlands,"Harare Sports Club, Harare",2023/06/22,2023
Oman,Sri Lanka,Sri Lanka,"Queens Sports Club, Bulawayo",2023/06/23,2023
Scotland,U.A.E.,Scotland,"Queens Sports Club, Bulawayo",2023/06/23,2023
Zimbabwe,West Indies,Zimbabwe,"Harare Sports Club, Harare",2023/06/24,2023
Nepal,Netherlands,Netherlands,"Harare Sports Club, Harare",2023/06/24,2023
Ireland,Sri Lanka,Sri Lanka,"Queens Sports Club, Bulawayo",2023/06/25,2023
Oman,Scotland,Scotland,"Queens Sports Club, Bulawayo",2023/06/25,2023
Zimbabwe,U.S.A.,Zimbabwe,"Harare Sports Club, Harare",2023/06/26,2023
Netherlands,West Indies,tied,"Harare Sports Club, Harare",2023/06/26,2023
Scotland,Sri Lanka,Sri Lanka,"Queens Sports Club, Bulawayo",2023/06/27,2023
Ireland,U.A.E.,Ireland,"Queens Sports Club, Bulawayo",2023/06/27,2023
Zimbabwe,Oman,Zimbabwe,"Queens Sports Club, Bulawayo",2023/06/29,2023
Netherlands,Sri Lanka,Sri Lanka,"Queens Sports Club, Bulawayo",2023/06/30,2023
Ireland,U.S.A.,Ireland,"Harare Sports Club, Harare",2023/06/30,2023
Scotland,West Indies,Scotland,"Harare Sports Club, Harare",2023/07/01,2023
Zimbabwe,Sri Lanka,Sri Lanka,"Queens Sports Club, Bulawayo",2023/07/02,2023
Nepal,U.A.E.,Nepal,"Harare Sports Club, Harare",2023/07/02,2023
Netherlands,Oman,Netherlands,"Harare Sports Club, Harare",2023/07/03,2023
Zimbabwe,Scotland,Scotland,"Queens Sports Club, Bulawayo",2023/07/04,2023
Ireland,Nepal,Ireland,"Harare Sports Club, Harare",2023/07/04,2023
Oman,West Indies,West Indies,"Harare Sports Club, Harare",2023/07/05,2023
Bangladesh,Afghanistan,Afghanistan,"Zahur Ahmed Chowdhury Stadium, Chattogram",2023/07/05,2023
Netherlands,Scotland,Netherlands,"Queens Sports Club, Bulawayo",2023/07/06,2023
U.A.E.,U.S.A.,U.A.E.,"Harare Sports Club, Harare",2023/07/06,2023
Sri Lanka,West Indies,Sri Lanka,"Harare Sports Club, Harare",2023/07/07,2023
Bangladesh,Afghanistan,Afghanistan,"Zahur Ahmed Chowdhury Stadium, Chattogram",2023/07/08,2023
Netherlands,Sri Lanka,Sri Lanka,"Harare Sports Club, Harare",2023/07/09,2023
Bangladesh,Afghanistan,Bangladesh,"Zahur Ahmed Chowdhury Stadium, Chattogram",2023/07/11,2023
West Indies,India,India,"Kensington Oval, Bridgetown",2023/07/27,2023
West Indies,India,West Indies,"Kensington Oval, Bridgetown",2023/07/29,2023
West Indies,India,India,"Tarouba Stadium, Tarouba",2023/08/01,2023
New Zealand,Pakistan,New Zealand,"Sky Stadium, Wellington",2018/01/06,2018
New Zealand,Pakistan,New Zealand,"Saxton Oval, Nelson",2018/01/09,2018
U.A.E.,Ireland,Ireland,"ICCA, Dubai",2018/01/11,2018
New Zealand,Pakistan,New Zealand,"University Oval, Dunedin",2018/01/13,2018
U.A.E.,Ireland,Ireland,"ICCA, Dubai",2018/01/13,2018
Australia,England,England,"Melbourne Cricket Ground, Melbourne",2018/01/14,2018
Bangladesh,Zimbabwe,Bangladesh,"Mirpur Stadium, Mirpur",2018/01/15,2018
New Zealand,Pakistan,New Zealand,"Seddon Park, Hamilton",2018/01/16,2018
Ireland,Scotland,Ireland,"ICCA, Dubai",2018/01/16,2018
Sri Lanka,Zimbabwe,Zimbabwe,"Mirpur Stadium, Mirpur",2018/01/17,2018
Ireland,Scotland,Ireland,"ICCA, Dubai",2018/01/18,2018
New Zealand,Pakistan,New Zealand,"Sky Stadium, Wellington",2018/01/19,2018
Australia,England,England,"The Gabba, Brisbane",2018/01/19,2018
Bangladesh,Sri Lanka,Bangladesh,"Mirpur Stadium, Mirpur",2018/01/19,2018
Australia,England,England,"Sydney Cricket Ground, Sydney",2018/01/21,2018
U.A.E.,Scotland,Scotland,"ICCA, Dubai",2018/01/21,2018
Sri Lanka,Zimbabwe,Sri Lanka,"Mirpur Stadium, Mirpur",2018/01/21,2018
U.A.E.,Scotland,U.A.E.,"ICCA, Dubai",2018/01/23,2018
Bangladesh,Zimbabwe,Bangladesh,"Mirpur Stadium, Mirpur",2018/01/23,2018
Bangladesh,Sri Lanka,Sri Lanka,"Mirpur Stadium, Mirpur",2018/01/25,2018
Australia,England,Australia,"Adelaide Oval, Adelaide",2018/01/26,2018
Bangladesh,Sri Lanka,Sri Lanka,"Mirpur Stadium, Mirpur",2018/01/27,2018
Australia,England,England,"W.A.C.A. Ground, Perth",2018/01/28,2018
South Africa,India,India,"Kingsmead, Durban",2018/02/01,2018
South Africa,India,India,"SuperSport Park, Centurion",2018/02/04,2018
South Africa,India,India,"Newlands, Cape Town",2018/02/07,2018
Afghanistan,Zimbabwe,Afghanistan,"Sharjah Cricket Stadium, Sharjah",2018/02/09,2018
South Africa,India,South Africa,"The Wanderers Stadium, Johannesburg",2018/02/10,2018
Afghanistan,Zimbabwe,Zimbabwe,"Sharjah Cricket Stadium, Sharjah",2018/02/11,2018
Afghanistan,Zimbabwe,Afghanistan,"Sharjah Cricket Stadium, Sharjah",2018/02/13,2018
South Africa,India,India,"St George's Park, Gqeberha",2018/02/13,2018
Afghanistan,Zimbabwe,Afghanistan,"Sharjah Cricket Stadium, Sharjah",2018/02/16,2018
South Africa,India,India,"SuperSport Park, Centurion",2018/02/16,2018
Afghanistan,Zimbabwe,Afghanistan,"Sharjah Cricket Stadium, Sharjah",2018/02/19,2018
New Zealand,England,New Zealand,"Seddon Park, Hamilton",2018/02/25,2018
New Zealand,England,England,"Bay Oval, Mount Maunganui",2018/02/28,2018
New Zealand,England,England,"Sky Stadium, Wellington",2018/03/03,2018
Afghanistan,Scotland,Scotland,"Queens Sports Club, Bulawayo",2018/03/04,2018
P.N.G.,U.A.E.,U.A.E.,"Harare Sports Club, Harare",2018/03/04,2018
Hong Kong,Scotland,Scotland,"Queens Sports Club, Bulawayo",2018/03/06,2018
Ireland,P.N.G.,Ireland,"Harare Sports Club, Harare",2018/03/06,2018
U.A.E.,West Indies,West Indies,"Harare Sports Club, Harare",2018/03/06,2018
Zimbabwe,Afghanistan,Zimbabwe,"Queens Sports Club, Bulawayo",2018/03/06,2018
New Zealand,England,New Zealand,"University Oval, Dunedin",2018/03/07,2018
Afghanistan,Hong Kong,Hong Kong,"Queens Sports Club, Bulawayo",2018/03/08,2018
P.N.G.,West Indies,West Indies,"Harare Sports Club, Harare",2018/03/08,2018
New Zealand,England,England,"Hagley Oval, Christchurch",2018/03/10,2018
Ireland,West Indies,West Indies,"Harare Sports Club, Harare",2018/03/10,2018
Zimbabwe,Hong Kong,Zimbabwe,"Queens Sports Club, Bulawayo",2018/03/10,2018
Ireland,U.A.E.,Ireland,"Harare Sports Club, Harare",2018/03/12,2018
Zimbabwe,Scotland,tied,"Queens Sports Club, Bulawayo",2018/03/12,2018
Afghanistan,West Indies,Afghanistan,"Harare Sports Club, Harare",2018/03/15,2018
Scotland,U.A.E.,Scotland,"Queens Sports Club, Bulawayo",2018/03/15,2018
Zimbabwe,Ireland,Zimbabwe,"Harare Sports Club, Harare",2018/03/16,2018
Hong Kong,P.N.G.,P.N.G.,"Harare Sports Club, Harare",2018/03/17,2018
Ireland,Scotland,Ireland,"Harare Sports Club, Harare",2018/03/18,2018
Zimbabwe,West Indies,West Indies,"Harare Sports Club, Harare",2018/03/19,2018
Afghanistan,U.A.E.,Afghanistan,"Harare Sports Club, Harare",2018/03/20,2018
Scotland,West Indies,West Indies,"Harare Sports Club, Harare",2018/03/21,2018
Zimbabwe,U.A.E.,U.A.E.,"Harare Sports Club, Harare",2018/03/22,2018
Afghanistan,Ireland,Afghanistan,"Harare Sports Club, Harare",2018/03/23,2018
Afghanistan,West Indies,Afghanistan,"Harare Sports Club, Harare",2018/03/25,2018
Scotland,England,Scotland,"Grange Cricket Club, Edinburgh",2018/06/10,2018
England,Australia,England,"The Oval, Surrey",2018/06/13,2018
England,Australia,England,"Sophia Gardens, Cardiff",2018/06/16,2018
England,Australia,England,"Trent Bridge, Nottingham",2018/06/19,2018
England,Australia,England,"Riverside Ground, Chester-le-Street",2018/06/21,2018
England,Australia,England,"Emirates Old Trafford, Manchester",2018/06/24,2018
England,India,India,"Trent Bridge, Nottingham",2018/07/12,2018
Zimbabwe,Pakistan,Pakistan,"Queens Sports Club, Bulawayo",2018/07/13,2018
England,India,England,"Lord's, London",2018/07/14,2018
Zimbabwe,Pakistan,Pakistan,"Queens Sports Club, Bulawayo",2018/07/16,2018
England,India,England,"Headingley, Leeds",2018/07/17,2018
Zimbabwe,Pakistan,Pakistan,"Queens Sports Club, Bulawayo",2018/07/18,2018
Zimbabwe,Pakistan,Pakistan,"Queens Sports Club, Bulawayo",2018/07/20,2018
Zimbabwe,Pakistan,Pakistan,"Queens Sports Club, Bulawayo",2018/07/22,2018
West Indies,Bangladesh,Bangladesh,"Providence Stadium, Providence",2018/07/22,2018
West Indies,Bangladesh,West Indies,"Providence Stadium, Providence",2018/07/25,2018
West Indies,Bangladesh,Bangladesh,"Basseterre, Basseterre",2018/07/28,2018
Sri Lanka,South Africa,South Africa,Dambulla,2018/07/29,2018
Netherlands,Nepal,Netherlands,"VRA Cricket Ground, Amstelveenbb",2018/08/01,2018
Sri Lanka,South Africa,South Africa,Dambulla,2018/08/01,2018
Netherlands,Nepal,Nepal,"VRA Cricket Ground, Amstelveenbb",2018/08/03,2018
Sri Lanka,South Africa,South Africa,"Pallekele International Cricket Stadium, Pallekele",2018/08/05,2018
Sri Lanka,South Africa,Sri Lanka,"Pallekele International Cricket Stadium, Pallekele",2018/08/08,2018
Sri Lanka,South Africa,Sri Lanka,"R.Premadasa Stadium, Colombo",2018/08/12,2018
Ireland,Afghanistan,Afghanistan,"Stormont, Belfast",2018/08/27,2018
Ireland,Afghanistan,Ireland,"Stormont, Belfast",2018/08/29,2018
Nepal,U.A.E.,U.A.E.,Kuala Lumpur,2018/08/30,2018
Ireland,Afghanistan,Afghanistan,"Stormont, Belfast",2018/08/31,2018
Bangladesh,Sri Lanka,Bangladesh,"DSC, Dubai",2018/09/15,2018
Hong Kong,Pakistan,Pakistan,"DSC, Dubai",2018/09/16,2018
Afghanistan,Sri Lanka,Afghanistan,"Sheikh Zayed Cricket Stadium, Abu Dhabi",2018/09/17,2018
Hong Kong,India,India,"DSC, Dubai",2018/09/18,2018
India,Pakistan,India,"DSC, Dubai",2018/09/19,2018
Afghanistan,Bangladesh,Afghanistan,"Sheikh Zayed Cricket Stadium, Abu Dhabi",2018/09/20,2018
Bangladesh,India,India,"DSC, Dubai",2018/09/21,2018
Afghanistan,Pakistan,Pakistan,"Sheikh Zayed Cricket Stadium, Abu Dhabi",2018/09/21,2018
India,Pakistan,India,"DSC, Dubai",2018/09/23,2018
Afghanistan,Bangladesh,Bangladesh,"Sheikh Zayed Cricket Stadium, Abu Dhabi",2018/09/23,2018
Afghanistan,India,tied,"DSC, Dubai",2018/09/25,2018
Bangladesh,Pakistan,Bangladesh,"Sheikh Zayed Cricket Stadium, Abu Dhabi",2018/09/26,2018
Bangladesh,India,India,"DSC, Dubai",2018/09/28,2018
South Africa,Zimbabwe,South Africa,"Diamond Oval, Kimberley",2018/09/30,2018
South Africa,Zimbabwe,South Africa,"Mangaung Oval, Bloemfontein",2018/10/03,2018
South Africa,Zimbabwe,South Africa,"Boland Park, Paarl",2018/10/06,2018
Sri Lanka,England,no result,Dambulla,2018/10/10,2018
Sri Lanka,England,England,Dambulla,2018/10/13,2018
Sri Lanka,England,England,"Pallekele International Cricket Stadium, Pallekele",2018/10/17,2018
Sri Lanka,England,England,"Pallekele International Cricket Stadium, Pallekele",2018/10/20,2018
India,West Indies,India,"ASA, Guwahati",2018/10/21,2018
Bangladesh,Zimbabwe,Bangladesh,"Mirpur Stadium, Mirpur",2018/10/21,2018
Sri Lanka,England,Sri Lanka,"R.Premadasa Stadium, Colombo",2018/10/23,2018
India,West Indies,tied,"ACA-VDCA, Visakhapatnam",2018/10/24,2018
Bangladesh,Zimbabwe,Bangladesh,"Zahur Ahmed Chowdhury Stadium, Chattogram",2018/10/24,2018
Bangladesh,Zimbabwe,Bangladesh,"Zahur Ahmed Chowdhury Stadium, Chattogram",2018/10/26,2018
India,West Indies,West Indies,"Maharashtra Cricket Association Stadium, Pune",2018/10/27,2018
India,West Indies,India,Brabourne,2018/10/29,2018
India,West Indies,India,"Greenfield, Thiruvananthapuram",2018/11/01,2018
Australia,South Africa,South Africa,"W.A.C.A. Ground, Perth",2018/11/04,2018
New Zealand,Pakistan,New Zealand,"Sheikh Zayed Cricket Stadium, Abu Dhabi",2018/11/07,2018
Australia,South Africa,Australia,"Adelaide Oval, Adelaide",2018/11/09,2018
New Zealand,Pakistan,Pakistan,"Sheikh Zayed Cricket Stadium, Abu Dhabi",2018/11/09,2018
Australia,South Africa,South Africa,"Bellerive Oval, Hobart",2018/11/11,2018
New Zealand,Pakistan,no result,"DSC, Dubai",2018/11/11,2018
Bangladesh,West Indies,Bangladesh,"Mirpur Stadium, Mirpur",2018/12/09,2018
Bangladesh,West Indies,West Indies,"Mirpur Stadium, Mirpur",2018/12/11,2018
Bangladesh,West Indies,Bangladesh,"Sylhet Stadium, Sylhet",2018/12/14,2018
Australia,Pakistan,Australia,"The Gabba, Brisbane",2017/01/13,2017
Australia,Pakistan,Pakistan,"Melbourne Cricket Ground, Melbourne",2017/01/15,2017
India,England,India,"Maharashtra Cricket Association Stadium, Pune",2017/01/15,2017
Australia,Pakistan,Australia,"W.A.C.A. Ground, Perth",2017/01/19,2017
India,England,India,"Barabati Stadium, Cuttack",2017/01/19,2017
Australia,Pakistan,Australia,"Sydney Cricket Ground, Sydney",2017/01/22,2017
Hong Kong,Scotland,Hong Kong,"Sheikh Zayed Cricket Stadium, Abu Dhabi",2017/01/22,2017
India,England,England,"Eden Gardens, Kolkata",2017/01/22,2017
U.A.E.,Scotland,U.A.E.,"DSC, Dubai",2017/01/24,2017
Australia,Pakistan,Australia,"Adelaide Oval, Adelaide",2017/01/26,2017
U.A.E.,Hong Kong,U.A.E.,"DSC, Dubai",2017/01/26,2017
South Africa,Sri Lanka,South Africa,"St George's Park, Gqeberha",2017/01/28,2017
New Zealand,Australia,New Zealand,"Eden Park, Auckland",2017/01/30,2017
South Africa,Sri Lanka,South Africa,"Kingsmead, Durban",2017/02/01,2017
South Africa,Sri Lanka,South Africa,"The Wanderers Stadium, Johannesburg",2017/02/04,2017
New Zealand,Australia,New Zealand,"Seddon Park, Hamilton",2017/02/05,2017
South Africa,Sri Lanka,South Africa,"Newlands, Cape Town",2017/02/07,2017
South Africa,Sri Lanka,South Africa,"SuperSport Park, Centurion",2017/02/10,2017
Zimbabwe,Afghanistan,Afghanistan,"Harare Sports Club, Harare",2017/02/16,2017
New Zealand,South Africa,South Africa,"Seddon Park, Hamilton",2017/02/19,2017
Zimbabwe,Afghanistan,Afghanistan,"Harare Sports Club, Harare",2017/02/19,2017
Zimbabwe,Afghanistan,Zimbabwe,"Harare Sports Club, Harare",2017/02/21,2017
New Zealand,South Africa,New Zealand,"Hagley Oval, Christchurch",2017/02/22,2017
Zimbabwe,Afghanistan,Zimbabwe,"Harare Sports Club, Harare",2017/02/24,2017
New Zealand,South Africa,South Africa,"Sky Stadium, Wellington",2017/02/25,2017
Zimbabwe,Afghanistan,Afghanistan,"Harare Sports Club, Harare",2017/02/26,2017
New Zealand,South Africa,New Zealand,"Seddon Park, Hamilton",2017/03/01,2017
U.A.E.,Ireland,Ireland,"ICCA, Dubai",2017/03/02,2017
West Indies,England,England,"SVR, North Sound",2017/03/03,2017
New Zealand,South Africa,South Africa,"Eden Park, Auckland",2017/03/04,2017
U.A.E.,Ireland,Ireland,"ICCA, Dubai",2017/03/04,2017
West Indies,England,England,"SVR, North Sound",2017/03/05,2017
West Indies,England,England,"Kensington Oval, Bridgetown",2017/03/09,2017
Afghanistan,Ireland,Afghanistan,Greater Noida,2017/03/15,2017
Afghanistan,Ireland,Afghanistan,Greater Noida,2017/03/17,2017
Afghanistan,Ireland,Ireland,Greater Noida,2017/03/19,2017
Afghanistan,Ireland,Ireland,Greater Noida,2017/03/22,2017
Afghanistan,Ireland,Afghanistan,Greater Noida,2017/03/24,2017
Sri Lanka,Bangladesh,Bangladesh,Dambulla,2017/03/25,2017
Sri Lanka,Bangladesh,no result,Dambulla,2017/03/28,2017
U.A.E.,P.N.G.,U.A.E.,"Sheikh Zayed Cricket Stadium, Abu Dhabi",2017/03/31,2017
Sri Lanka,Bangladesh,Sri Lanka,"R.Premadasa Stadium, Colombo",2017/04/01,2017
U.A.E.,P.N.G.,P.N.G.,"Sheikh Zayed Cricket Stadium, Abu Dhabi",2017/04/02,2017
U.A.E.,P.N.G.,U.A.E.,"Sheikh Zayed Cricket Stadium, Abu Dhabi",2017/04/04,2017
West Indies,Pakistan,West Indies,"Providence Stadium, Providence",2017/04/07,2017
West Indies,Pakistan,Pakistan,"Providence Stadium, Providence",2017/04/09,2017
West Indies,Pakistan,Pakistan,"Providence Stadium, Providence",2017/04/11,2017
England,Ireland,England,"County Ground, Bristol",2017/05/05,2017
England,Ireland,England,"Lord's, London",2017/05/07,2017
Ireland,Bangladesh,no result,"Malahide, Dublin",2017/05/12,2017
Ireland,New Zealand,New Zealand,"Malahide, Dublin",2017/05/14,2017
Bangladesh,New Zealand,New Zealand,"Malahide, Dublin",2017/05/17,2017
Ireland,Bangladesh,Bangladesh,"Malahide, Dublin",2017/05/19,2017
Ireland,New Zealand,New Zealand,"Malahide, Dublin",2017/05/21,2017
Bangladesh,New Zealand,Bangladesh,"Malahide, Dublin",2017/05/24,2017
England,South Africa,England,"Headingley, Leeds",2017/05/24,2017
England,South Africa,England,"County Ground, Southampton",2017/05/27,2017
England,South Africa,South Africa,"Lord's, London",2017/05/29,2017
England,Bangladesh,England,"The Oval, Surrey",2017/06/01,2017
Australia,New Zealand,no result,"Edgbaston, Birmingham",2017/06/02,2017
South Africa,Sri Lanka,South Africa,"The Oval, Surrey",2017/06/03,2017
India,Pakistan,India,"Edgbaston, Birmingham",2017/06/04,2017
Australia,Bangladesh,no result,"The Oval, Surrey",2017/06/05,2017
England,New Zealand,England,"Sophia Gardens, Cardiff",2017/06/06,2017
Pakistan,South Africa,Pakistan,"Edgbaston, Birmingham",2017/06/07,2017
India,Sri Lanka,Sri Lanka,"The Oval, Surrey",2017/06/08,2017
Bangladesh,New Zealand,Bangladesh,"Sophia Gardens, Cardiff",2017/06/09,2017
West Indies,Afghanistan,Afghanistan,"Daren Sammy National Cricket Stadium, Gros Islet",2017/06/09,2017
England,Australia,England,"Edgbaston, Birmingham",2017/06/10,2017
India,South Africa,India,"The Oval, Surrey",2017/06/11,2017
West Indies,Afghanistan,West Indies,"Daren Sammy National Cricket Stadium, Gros Islet",2017/06/11,2017
Pakistan,Sri Lanka,Pakistan,"Sophia Gardens, Cardiff",2017/06/12,2017
England,Pakistan,Pakistan,"Sophia Gardens, Cardiff",2017/06/14,2017
West Indies,Afghanistan,no result,"Daren Sammy National Cricket Stadium, Gros Islet",2017/06/14,2017
Bangladesh,India,India,"Edgbaston, Birmingham",2017/06/15,2017
Scotland,Zimbabwe,Scotland,"Grange Cricket Club, Edinburgh",2017/06/15,2017
Scotland,Zimbabwe,Zimbabwe,"Grange Cricket Club, Edinburgh",2017/06/17,2017
India,Pakistan,Pakistan,"The Oval, Surrey",2017/06/18,2017
West Indies,India,no result,"Port of spain, spain",2017/06/23,2017
West Indies,India,India,"Port of spain, spain",2017/06/25,2017
Sri Lanka,Zimbabwe,Zimbabwe,Galle,2017/06/30,2017
West Indies,India,India,"SVR, North Sound",2017/06/30,2017
Sri Lanka,Zimbabwe,Sri Lanka,Galle,2017/07/02,2017
West Indies,India,West Indies,"SVR, North Sound",2017/07/02,2017
Sri Lanka,Zimbabwe,Sri Lanka,"Mahinda Rajapaksa International Stadium, Hambantota",2017/07/06,2017
West Indies,India,India,"Sabina Park, Kingston",2017/07/06,2017
Sri Lanka,Zimbabwe,Zimbabwe,"Mahinda Rajapaksa International Stadium, Hambantota",2017/07/08,2017
Sri Lanka,Zimbabwe,Zimbabwe,"Mahinda Rajapaksa International Stadium, Hambantota",2017/07/10,2017
Sri Lanka,India,India,Dambulla,2017/08/20,2017
Sri Lanka,India,India,"Pallekele International Cricket Stadium, Pallekele",2017/08/24,2017
Sri Lanka,India,India,"Pallekele International Cricket Stadium, Pallekele",2017/08/27,2017
Sri Lanka,India,India,"R.Premadasa Stadium, Colombo",2017/08/31,2017
Sri Lanka,India,India,"R.Premadasa Stadium, Colombo",2017/09/03,2017
India,Australia,India,"MA Chidambaram Stadium, Chennai",2017/09/17,2017
England,West Indies,England,"Emirates Old Trafford, Manchester",2017/09/19,2017
India,Australia,India,"Eden Gardens, Kolkata",2017/09/21,2017
England,West Indies,no result,"Trent Bridge, Nottingham",2017/09/21,2017
India,Australia,India,"Indore Stadium, Indore",2017/09/24,2017
England,West Indies,England,"County Ground, Bristol",2017/09/24,2017
England,West Indies,England,"The Oval, Surrey",2017/09/27,2017
India,Australia,Australia,"M.Chinnaswamy Stadium, Bengaluru",2017/09/28,2017
England,West Indies,England,"County Ground, Southampton",2017/09/29,2017
India,Australia,India,"Vidarbha Cricket Association Stadium, Nagpur",2017/10/01,2017
P.N.G.,Scotland,Scotland,"Port Moresby, Moresby",2017/10/06,2017
P.N.G.,Scotland,P.N.G.,"Port Moresby, Moresby",2017/10/08,2017
Pakistan,Sri Lanka,Pakistan,"DSC, Dubai",2017/10/13,2017
South Africa,Bangladesh,South Africa,"Diamond Oval, Kimberley",2017/10/15,2017
Pakistan,Sri Lanka,Pakistan,"Sheikh Zayed Cricket Stadium, Abu Dhabi",2017/10/16,2017
South Africa,Bangladesh,South Africa,"Boland Park, Paarl",2017/10/18,2017
Pakistan,Sri Lanka,Pakistan,"Sheikh Zayed Cricket Stadium, Abu Dhabi",2017/10/18,2017
Pakistan,Sri Lanka,Pakistan,"Sharjah Cricket Stadium, Sharjah",2017/10/20,2017
India,New Zealand,New Zealand,"Wankhede Stadium, Mumbai",2017/10/22,2017
South Africa,Bangladesh,South Africa,"Buffalo Park, East London",2017/10/22,2017
Pakistan,Sri Lanka,Pakistan,"Sharjah Cricket Stadium, Sharjah",2017/10/23,2017
India,New Zealand,India,"Maharashtra Cricket Association Stadium, Pune",2017/10/25,2017
India,New Zealand,India,Kanpur,2017/10/29,2017
P.N.G.,Scotland,Scotland,"DSC, Dubai",2017/11/24,2017
P.N.G.,Scotland,Scotland,"DSC, Dubai",2017/11/25,2017
Afghanistan,Ireland,Afghanistan,"Sharjah Cricket Stadium, Sharjah",2017/12/05,2017
Hong Kong,P.N.G.,Hong Kong,"ICCA, Dubai",2017/12/06,2017
Afghanistan,Ireland,Ireland,"Sharjah Cricket Stadium, Sharjah",2017/12/07,2017
Hong Kong,P.N.G.,Hong Kong,"ICCA, Dubai",2017/12/08,2017
India,Sri Lanka,Sri Lanka,"Himachal Pradesh Cricket Association Stadium, Dharamsala",2017/12/10,2017
Afghanistan,Ireland,Ireland,"Sharjah Cricket Stadium, Sharjah",2017/12/10,2017
India,Sri Lanka,India,"Punjab Cricket Association IS Bindra Stadium, Mohali",2017/12/13,2017
India,Sri Lanka,India,"ACA-VDCA, Visakhapatnam",2017/12/17,2017
New Zealand,West Indies,New Zealand,Whangarei,2017/12/20,2017
New Zealand,West Indies,New Zealand,"Hagley Oval, Christchurch",2017/12/23,2017
New Zealand,West Indies,New Zealand,"Hagley Oval, Christchurch",2017/12/26,2017
Afghanistan,Scotland,Afghanistan,"ICCA, Dubai",2015/01/08,2015
Afghanistan,Ireland,Ireland,"DSC, Dubai",2015/01/10,2015
New Zealand,Sri Lanka,New Zealand,"Hagley Oval, Christchurch",2015/01/11,2015
Ireland,Scotland,Ireland,"DSC, Dubai",2015/01/12,2015
Afghanistan,Scotland,Scotland,"Sheikh Zayed Cricket Stadium, Abu Dhabi",2015/01/14,2015
New Zealand,Sri Lanka,Sri Lanka,"Seddon Park, Hamilton",2015/01/15,2015
Australia,England,Australia,"Sydney Cricket Ground, Sydney",2015/01/16,2015
South Africa,West Indies,South Africa,"Kingsmead, Durban",2015/01/16,2015
New Zealand,Sri Lanka,no result,"Eden Park, Auckland",2015/01/17,2015
Afghanistan,Ireland,Afghanistan,"DSC, Dubai",2015/01/17,2015
Australia,India,Australia,"Melbourne Cricket Ground, Melbourne",2015/01/18,2015
South Africa,West Indies,South Africa,"The Wanderers Stadium, Johannesburg",2015/01/18,2015
Ireland,Scotland,no result,"ICCA, Dubai",2015/01/19,2015
New Zealand,Sri Lanka,New Zealand,"Saxton Oval, Nelson",2015/01/20,2015
England,India,England,"The Gabba, Brisbane",2015/01/20,2015
South Africa,West Indies,South Africa,"Buffalo Park, East London",2015/01/21,2015
New Zealand,Sri Lanka,New Zealand,"University Oval, Dunedin",2015/01/23,2015
Australia,England,Australia,"Bellerive Oval, Hobart",2015/01/23,2015
New Zealand,Sri Lanka,New Zealand,"University Oval, Dunedin",2015/01/25,2015
South Africa,West Indies,West Indies,"St George's Park, Gqeberha",2015/01/25,2015
Australia,India,no result,"Sydney Cricket Ground, Sydney",2015/01/26,2015
South Africa,West Indies,South Africa,"SuperSport Park, Centurion",2015/01/28,2015
New Zealand,Sri Lanka,Sri Lanka,"Sky Stadium, Wellington",2015/01/29,2015
England,India,England,"W.A.C.A. Ground, Perth",2015/01/30,2015
New Zealand,Pakistan,New Zealand,"Sky Stadium, Wellington",2015/01/31,2015
Australia,England,Australia,"W.A.C.A. Ground, Perth",2015/02/01,2015
New Zealand,Pakistan,New Zealand,"McLean Park, Napier",2015/02/03,2015
New Zealand,Sri Lanka,New Zealand,"Hagley Oval, Christchurch",2015/02/14,2015
Australia,England,Australia,"Melbourne Cricket Ground, Melbourne",2015/02/14,2015
South Africa,Zimbabwe,South Africa,"Seddon Park, Hamilton",2015/02/15,2015
India,Pakistan,India,"Adelaide Oval, Adelaide",2015/02/15,2015
Ireland,West Indies,Ireland,"Saxton Oval, Nelson",2015/02/16,2015
New Zealand,Scotland,New Zealand,"University Oval, Dunedin",2015/02/17,2015
Afghanistan,Bangladesh,Bangladesh,"Manuka Oval, Canberra",2015/02/18,2015
U.A.E.,Zimbabwe,Zimbabwe,"Saxton Oval, Nelson",2015/02/19,2015
New Zealand,England,New Zealand,"Sky Stadium, Wellington",2015/02/20,2015
Pakistan,West Indies,West Indies,"Hagley Oval, Christchurch",2015/02/21,2015
Afghanistan,Sri Lanka,Sri Lanka,"University Oval, Dunedin",2015/02/22,2015
India,South Africa,India,"Melbourne Cricket Ground, Melbourne",2015/02/22,2015
England,Scotland,England,"Hagley Oval, Christchurch",2015/02/23,2015
West Indies,Zimbabwe,West Indies,"Manuka Oval, Canberra",2015/02/24,2015
Ireland,U.A.E.,Ireland,"The Gabba, Brisbane",2015/02/25,2015
Afghanistan,Scotland,Afghanistan,"University Oval, Dunedin",2015/02/26,2015
Bangladesh,Sri Lanka,Sri Lanka,"Melbourne Cricket Ground, Melbourne",2015/02/26,2015
South Africa,West Indies,South Africa,"Sydney Cricket Ground, Sydney",2015/02/27,2015
New Zealand,Australia,New Zealand,"Eden Park, Auckland",2015/02/28,2015
India,U.A.E.,India,"W.A.C.A. Ground, Perth",2015/02/28,2015
England,Sri Lanka,Sri Lanka,"Sky Stadium, Wellington",2015/03/01,2015
Pakistan,Zimbabwe,Pakistan,"The Gabba, Brisbane",2015/03/01,2015
Ireland,South Africa,South Africa,"Manuka Oval, Canberra",2015/03/03,2015
Pakistan,U.A.E.,Pakistan,"McLean Park, Napier",2015/03/04,2015
Australia,Afghanistan,Australia,"W.A.C.A. Ground, Perth",2015/03/04,2015
Bangladesh,Scotland,Bangladesh,"Saxton Oval, Nelson",2015/03/05,2015
India,West Indies,India,"W.A.C.A. Ground, Perth",2015/03/06,2015
Pakistan,South Africa,Pakistan,"Eden Park, Auckland",2015/03/07,2015
Ireland,Zimbabwe,Ireland,"Bellerive Oval, Hobart",2015/03/07,2015
New Zealand,Afghanistan,New Zealand,"McLean Park, Napier",2015/03/08,2015
Australia,Sri Lanka,Australia,"Sydney Cricket Ground, Sydney",2015/03/08,2015
Bangladesh,England,Bangladesh,"Adelaide Oval, Adelaide",2015/03/09,2015
India,Ireland,India,"Seddon Park, Hamilton",2015/03/10,2015
Scotland,Sri Lanka,Sri Lanka,"Bellerive Oval, Hobart",2015/03/11,2015
South Africa,U.A.E.,South Africa,"Sky Stadium, Wellington",2015/03/12,2015
New Zealand,Bangladesh,New Zealand,"Seddon Park, Hamilton",2015/03/13,2015
Afghanistan,England,England,"Sydney Cricket Ground, Sydney",2015/03/13,2015
India,Zimbabwe,India,"Eden Park, Auckland",2015/03/14,2015
Australia,Scotland,Australia,"Bellerive Oval, Hobart",2015/03/14,2015
U.A.E.,West Indies,West Indies,"McLean Park, Napier",2015/03/15,2015
Ireland,Pakistan,Pakistan,"Adelaide Oval, Adelaide",2015/03/15,2015
South Africa,Sri Lanka,South Africa,"Sydney Cricket Ground, Sydney",2015/03/18,2015
Bangladesh,India,India,"Melbourne Cricket Ground, Melbourne",2015/03/19,2015
Australia,Pakistan,Australia,"Adelaide Oval, Adelaide",2015/03/20,2015
New Zealand,West Indies,New Zealand,"Sky Stadium, Wellington",2015/03/21,2015
New Zealand,South Africa,New Zealand,"Eden Park, Auckland",2015/03/24,2015
Australia,India,Australia,"Sydney Cricket Ground, Sydney",2015/03/26,2015
Australia,New Zealand,Australia,"Melbourne Cricket Ground, Melbourne",2015/03/29,2015
Bangladesh,Pakistan,Bangladesh,"Mirpur Stadium, Mirpur",2015/04/17,2015
Bangladesh,Pakistan,Bangladesh,"Mirpur Stadium, Mirpur",2015/04/19,2015
Bangladesh,Pakistan,Bangladesh,"Mirpur Stadium, Mirpur",2015/04/22,2015
Ireland,England,no result,"Malahide, Dublin",2015/05/08,2015
Pakistan,Zimbabwe,Pakistan,"Gaddafi Stadium, Lahore",2015/05/26,2015
Pakistan,Zimbabwe,Pakistan,"Gaddafi Stadium, Lahore",2015/05/29,2015
Pakistan,Zimbabwe,no result,"Gaddafi Stadium, Lahore",2015/05/31,2015
England,New Zealand,England,"Edgbaston, Birmingham",2015/06/09,2015
England,New Zealand,New Zealand,"The Oval, Surrey",2015/06/12,2015
England,New Zealand,New Zealand,"County Ground, Southampton",2015/06/14,2015
England,New Zealand,England,"Trent Bridge, Nottingham",2015/06/17,2015
Bangladesh,India,Bangladesh,"Mirpur Stadium, Mirpur",2015/06/18,2015
England,New Zealand,England,"Riverside Ground, Chester-le-Street",2015/06/20,2015
Bangladesh,India,Bangladesh,"Mirpur Stadium, Mirpur",2015/06/21,2015
Bangladesh,India,India,"Mirpur Stadium, Mirpur",2015/06/24,2015
Zimbabwe,India,India,"Harare Sports Club, Harare",2015/07/10,2015
Bangladesh,South Africa,South Africa,"Mirpur Stadium, Mirpur",2015/07/10,2015
Sri Lanka,Pakistan,Pakistan,Dambulla,2015/07/11,2015
Zimbabwe,India,India,"Harare Sports Club, Harare",2015/07/12,2015
Bangladesh,South Africa,Bangladesh,"Mirpur Stadium, Mirpur",2015/07/12,2015
Zimbabwe,India,India,"Harare Sports Club, Harare",2015/07/14,2015
Bangladesh,South Africa,Bangladesh,"Zahur Ahmed Chowdhury Stadium, Chattogram",2015/07/15,2015
Sri Lanka,Pakistan,Sri Lanka,"Pallekele International Cricket Stadium, Pallekele",2015/07/15,2015
Sri Lanka,Pakistan,Pakistan,"R.Premadasa Stadium, Colombo",2015/07/19,2015
Sri Lanka,Pakistan,Pakistan,"R.Premadasa Stadium, Colombo",2015/07/22,2015
Sri Lanka,Pakistan,Sri Lanka,"Mahinda Rajapaksa International Stadium, Hambantota",2015/07/26,2015
Zimbabwe,New Zealand,Zimbabwe,"Harare Sports Club, Harare",2015/08/02,2015
Zimbabwe,New Zealand,New Zealand,"Harare Sports Club, Harare",2015/08/04,2015
Zimbabwe,New Zealand,New Zealand,"Harare Sports Club, Harare",2015/08/07,2015
South Africa,New Zealand,South Africa,"SuperSport Park, Centurion",2015/08/19,2015
South Africa,New Zealand,New Zealand,"Senwes Park, Potchefstroom",2015/08/23,2015
South Africa,New Zealand,South Africa,"Kingsmead, Durban",2015/08/26,2015
Ireland,Australia,Australia,"Stormont, Belfast",2015/08/27,2015
England,Australia,Australia,"County Ground, Southampton",2015/09/03,2015
England,Australia,Australia,"Lord's, London",2015/09/05,2015
England,Australia,England,"Emirates Old Trafford, Manchester",2015/09/08,2015
England,Australia,England,"Headingley, Leeds",2015/09/11,2015
England,Australia,Australia,"Emirates Old Trafford, Manchester",2015/09/13,2015
Zimbabwe,Pakistan,Pakistan,"Harare Sports Club, Harare",2015/10/01,2015
Zimbabwe,Pakistan,Zimbabwe,"Harare Sports Club, Harare",2015/10/03,2015
Zimbabwe,Pakistan,Pakistan,"Harare Sports Club, Harare",2015/10/05,2015
Zimbabwe,Ireland,Zimbabwe,"Harare Sports Club, Harare",2015/10/09,2015
India,South Africa,South Africa,Kanpur,2015/10/11,2015
Zimbabwe,Ireland,Zimbabwe,"Harare Sports Club, Harare",2015/10/11,2015
Zimbabwe,Ireland,Ireland,"Harare Sports Club, Harare",2015/10/13,2015
India,South Africa,India,"Indore Stadium, Indore",2015/10/14,2015
Zimbabwe,Afghanistan,Zimbabwe,"Queens Sports Club, Bulawayo",2015/10/16,2015
Zimbabwe,Afghanistan,Afghanistan,"Queens Sports Club, Bulawayo",2015/10/18,2015
India,South Africa,South Africa,"Saurashtra Cricket Association Stadium, Rajkot",2015/10/18,2015
Zimbabwe,Afghanistan,Zimbabwe,"Queens Sports Club, Bulawayo",2015/10/20,2015
Zimbabwe,Afghanistan,Afghanistan,"Queens Sports Club, Bulawayo",2015/10/22,2015
India,South Africa,India,"MA Chidambaram Stadium, Chennai",2015/10/22,2015
Zimbabwe,Afghanistan,Afghanistan,"Queens Sports Club, Bulawayo",2015/10/24,2015
India,South Africa,South Africa,"Wankhede Stadium, Mumbai",2015/10/25,2015
Sri Lanka,West Indies,Sri Lanka,"R.Premadasa Stadium, Colombo",2015/11/01,2015
Sri Lanka,West Indies,Sri Lanka,"R.Premadasa Stadium, Colombo",2015/11/04,2015
Bangladesh,Zimbabwe,Bangladesh,"Mirpur Stadium, Mirpur",2015/11/07,2015
Sri Lanka,West Indies,Sri Lanka,"Pallekele International Cricket Stadium, Pallekele",2015/11/07,2015
Bangladesh,Zimbabwe,Bangladesh,"Mirpur Stadium, Mirpur",2015/11/09,2015
Bangladesh,Zimbabwe,Bangladesh,"Mirpur Stadium, Mirpur",2015/11/11,2015
England,Pakistan,Pakistan,"Sheikh Zayed Cricket Stadium, Abu Dhabi",2015/11/11,2015
England,Pakistan,England,"Sheikh Zayed Cricket Stadium, Abu Dhabi",2015/11/13,2015
U.A.E.,Hong Kong,Hong Kong,"ICCA, Dubai",2015/11/16,2015
England,Pakistan,England,"Sharjah Cricket Stadium, Sharjah",2015/11/17,2015
U.A.E.,Hong Kong,Hong Kong,"ICCA, Dubai",2015/11/18,2015
England,Pakistan,England,"DSC, Dubai",2015/11/20,2015
Afghanistan,Zimbabwe,Afghanistan,"Sharjah Cricket Stadium, Sharjah",2015/12/25,2015
New Zealand,Sri Lanka,New Zealand,"Hagley Oval, Christchurch",2015/12/26,2015
New Zealand,Sri Lanka,New Zealand,"Hagley Oval, Christchurch",2015/12/28,2015
Afghanistan,Zimbabwe,Afghanistan,"Sharjah Cricket Stadium, Sharjah",2015/12/29,2015
New Zealand,Sri Lanka,Sri Lanka,"Saxton Oval, Nelson",2015/12/31,2015
New Zealand,Sri Lanka,no result,"Saxton Oval, Nelson",2016/01/02,2016
Afghanistan,Zimbabwe,Zimbabwe,"Sharjah Cricket Stadium, Sharjah",2016/01/02,2016
Afghanistan,Zimbabwe,Zimbabwe,"Sharjah Cricket Stadium, Sharjah",2016/01/04,2016
New Zealand,Sri Lanka,New Zealand,"Bay Oval, Mount Maunganui",2016/01/05,2016
Afghanistan,Zimbabwe,Afghanistan,"Sharjah Cricket Stadium, Sharjah",2016/01/06,2016
Australia,India,Australia,"W.A.C.A. Ground, Perth",2016/01/12,2016
Australia,India,Australia,"The Gabba, Brisbane",2016/01/15,2016
Australia,India,Australia,"Melbourne Cricket Ground, Melbourne",2016/01/17,2016
Australia,India,Australia,"Manuka Oval, Canberra",2016/01/20,2016
Australia,India,India,"Sydney Cricket Ground, Sydney",2016/01/23,2016
New Zealand,Pakistan,New Zealand,"Sky Stadium, Wellington",2016/01/25,2016
Hong Kong,Scotland,Hong Kong,Mong Kok,2016/01/26,2016
New Zealand,Pakistan,New Zealand,"Eden Park, Auckland",2016/01/31,2016
New Zealand,Australia,New Zealand,"Eden Park, Auckland",2016/02/03,2016
South Africa,England,England,"Mangaung Oval, Bloemfontein",2016/02/03,2016
New Zealand,Australia,Australia,"Sky Stadium, Wellington",2016/02/06,2016
South Africa,England,England,"St George's Park, Gqeberha",2016/02/06,2016
New Zealand,Australia,New Zealand,"Seddon Park, Hamilton",2016/02/08,2016
South Africa,England,South Africa,"SuperSport Park, Centurion",2016/02/09,2016
South Africa,England,South Africa,"The Wanderers Stadium, Johannesburg",2016/02/12,2016
South Africa,England,South Africa,"Newlands, Cape Town",2016/02/14,2016
West Indies,South Africa,West Indies,"Providence Stadium, Providence",2016/06/03,2016
West Indies,Australia,Australia,"Providence Stadium, Providence",2016/06/05,2016
Australia,South Africa,South Africa,"Providence Stadium, Providence",2016/06/07,2016
Zimbabwe,India,India,"Harare Sports Club, Harare",2016/06/11,2016
Australia,South Africa,Australia,"Basseterre, Basseterre",2016/06/11,2016
Zimbabwe,India,India,"Harare Sports Club, Harare",2016/06/13,2016
West Indies,Australia,West Indies,"Basseterre, Basseterre",2016/06/13,2016
Zimbabwe,India,India,"Harare Sports Club, Harare",2016/06/15,2016
West Indies,South Africa,South Africa,"Basseterre, Basseterre",2016/06/15,2016
Ireland,Sri Lanka,Sri Lanka,"Malahide, Dublin",2016/06/16,2016
Ireland,Sri Lanka,Sri Lanka,"Malahide, Dublin",2016/06/18,2016
Australia,South Africa,no result,"Kensington Oval, Bridgetown",2016/06/19,2016
England,Sri Lanka,tied,"Trent Bridge, Nottingham",2016/06/21,2016
West Indies,Australia,Australia,"Kensington Oval, Bridgetown",2016/06/21,2016
England,Sri Lanka,England,"Edgbaston, Birmingham",2016/06/24,2016
West Indies,South Africa,West Indies,"Kensington Oval, Bridgetown",2016/06/24,2016
England,Sri Lanka,no result,"County Ground, Bristol",2016/06/26,2016
West Indies,Australia,Australia,"Kensington Oval, Bridgetown",2016/06/26,2016
England,Sri Lanka,England,"The Oval, Surrey",2016/06/29,2016
England,Sri Lanka,England,"Sophia Gardens, Cardiff",2016/07/02,2016
Scotland,Afghanistan,no result,"Grange Cricket Club, Edinburgh",2016/07/04,2016
Scotland,Afghanistan,Afghanistan,"Grange Cricket Club, Edinburgh",2016/07/06,2016
Ireland,Afghanistan,Afghanistan,"Stormont, Belfast",2016/07/12,2016
Ireland,Afghanistan,Ireland,"Stormont, Belfast",2016/07/14,2016
Ireland,Afghanistan,Afghanistan,"Stormont, Belfast",2016/07/17,2016
Ireland,Afghanistan,Ireland,"Stormont, Belfast",2016/07/19,2016
Scotland,U.A.E.,Scotland,"Grange Cricket Club, Edinburgh",2016/08/14,2016
Scotland,U.A.E.,Scotland,"Grange Cricket Club, Edinburgh",2016/08/16,2016
Ireland,Pakistan,Pakistan,"Malahide, Dublin",2016/08/18,2016
Sri Lanka,Australia,Australia,"R.Premadasa Stadium, Colombo",2016/08/21,2016
Sri Lanka,Australia,Sri Lanka,"R.Premadasa Stadium, Colombo",2016/08/24,2016
England,Pakistan,England,"County Ground, Southampton",2016/08/24,2016
England,Pakistan,England,"Lord's, London",2016/08/27,2016
Sri Lanka,Australia,Australia,Dambulla,2016/08/28,2016
England,Pakistan,England,"Trent Bridge, Nottingham",2016/08/30,2016
Sri Lanka,Australia,Australia,Dambulla,2016/08/31,2016
England,Pakistan,England,"Headingley, Leeds",2016/09/01,2016
Sri Lanka,Australia,Australia,"Pallekele International Cricket Stadium, Pallekele",2016/09/04,2016
England,Pakistan,Pakistan,"Sophia Gardens, Cardiff",2016/09/04,2016
Scotland,Hong Kong,no result,"Grange Cricket Club, Edinburgh",2016/09/08,2016
Scotland,Hong Kong,Scotland,"Grange Cricket Club, Edinburgh",2016/09/10,2016
South Africa,Ireland,South Africa,"Willowmoore Park, Benoni",2016/09/25,2016
Bangladesh,Afghanistan,Bangladesh,"Mirpur Stadium, Mirpur",2016/09/25,2016
Australia,Ireland,Australia,"Willowmoore Park, Benoni",2016/09/27,2016
Bangladesh,Afghanistan,Afghanistan,"Mirpur Stadium, Mirpur",2016/09/28,2016
Pakistan,West Indies,Pakistan,"Sharjah Cricket Stadium, Sharjah",2016/09/30,2016
South Africa,Australia,South Africa,"SuperSport Park, Centurion",2016/09/30,2016
Bangladesh,Afghanistan,Bangladesh,"Mirpur Stadium, Mirpur",2016/10/01,2016
South Africa,Australia,South Africa,"The Wanderers Stadium, Johannesburg",2016/10/02,2016
Pakistan,West Indies,Pakistan,"Sharjah Cricket Stadium, Sharjah",2016/10/02,2016
Pakistan,West Indies,Pakistan,"Sheikh Zayed Cricket Stadium, Abu Dhabi",2016/10/05,2016
South Africa,Australia,South Africa,"Kingsmead, Durban",2016/10/05,2016
Bangladesh,England,England,"Mirpur Stadium, Mirpur",2016/10/07,2016
South Africa,Australia,South Africa,"St George's Park, Gqeberha",2016/10/09,2016
Bangladesh,England,Bangladesh,"Mirpur Stadium, Mirpur",2016/10/09,2016
Bangladesh,England,England,"Zahur Ahmed Chowdhury Stadium, Chattogram",2016/10/12,2016
South Africa,Australia,South Africa,"Newlands, Cape Town",2016/10/12,2016
India,New Zealand,India,"Himachal Pradesh Cricket Association Stadium, Dharamsala",2016/10/16,2016
India,New Zealand,New Zealand,"Arun Jaitley Stadium, Delhi",2016/10/20,2016
India,New Zealand,India,"Punjab Cricket Association IS Bindra Stadium, Mohali",2016/10/23,2016
India,New Zealand,New Zealand,"JSCA International Stadium, Ranchi",2016/10/26,2016
India,New Zealand,India,"ACA-VDCA, Visakhapatnam",2016/10/29,2016
Hong Kong,P.N.G.,Hong Kong,Mong Kok,2016/11/04,2016
Hong Kong,P.N.G.,P.N.G.,Mong Kok,2016/11/06,2016
Hong Kong,P.N.G.,Hong Kong,Mong Kok,2016/11/08,2016
Zimbabwe,Sri Lanka,Sri Lanka,"Harare Sports Club, Harare",2016/11/14,2016
Sri Lanka,West Indies,West Indies,"Harare Sports Club, Harare",2016/11/16,2016
Zimbabwe,West Indies,tied,"Queens Sports Club, Bulawayo",2016/11/19,2016
Zimbabwe,Sri Lanka,no result,"Queens Sports Club, Bulawayo",2016/11/21,2016
Sri Lanka,West Indies,Sri Lanka,"Queens Sports Club, Bulawayo",2016/11/23,2016
Zimbabwe,West Indies,Zimbabwe,"Queens Sports Club, Bulawayo",2016/11/25,2016
Zimbabwe,Sri Lanka,Sri Lanka,"Queens Sports Club, Bulawayo",2016/11/27,2016
Australia,New Zealand,Australia,"Sydney Cricket Ground, Sydney",2016/12/04,2016
Australia,New Zealand,Australia,"Manuka Oval, Canberra",2016/12/06,2016
Australia,New Zealand,Australia,"Melbourne Cricket Ground, Melbourne",2016/12/09,2016
New Zealand,Bangladesh,New Zealand,"Hagley Oval, Christchurch",2016/12/26,2016
New Zealand,Bangladesh,New Zealand,"Saxton Oval, Nelson",2016/12/29,2016
New Zealand,Bangladesh,New Zealand,"Saxton Oval, Nelson",2016/12/31,2016
